smiles,base_material,dielectric_constant,tg_celsius,density_g_cm3,thickness_nm,applied_voltage,temp_c,sim_capacitance_F,sim_status
c1ccccc1CC(F)(F)CC(F)(F)CC,PVDF,11.952268969361157,-38.12082222247052,1.7351648603378005,538.5519341168115,124.1150575725848,300,1971.9491229936,Success
NCC(F)(F)CC(F)(F)C#N,PVDF,11.953026024942895,-35.407112237903824,1.7607710825193468,584.0073046386277,94.66200432587556,200,1819.10507957473,Success
CC(=O)CC(F)(F)CC(F)(F)C(F)(F)F,PVDF,12.094667673132076,-37.19082914855234,1.7681293106231315,723.7434399873689,47.01499276337535,100,1486.61914782397,Success
COCC(F)(F)CC(F)(F)C(F)(F)F,PVDF,12.052143685835915,-36.29471151984172,1.8166735628793504,993.9515126427297,385.95321907369873,100,1080.53621233243,Success
CC(=O)CC(F)(F)CC(F)(F)CCC,PVDF,12.004624281831813,-33.922695922345525,1.829507704261352,1103.2623535386515,45.37913079515452,25,970.351583269491,Success
CC(=O)CC(F)(F)CC(F)(F)C#N,PVDF,12.072781870272888,-35.05543690465532,1.794223966889796,1262.1608089970218,338.0838145433917,200,853.8380509477801,Success
c1ccccc1CC(F)(F)CC(F)(F)C#N,PVDF,11.981672314662616,-36.20682014321297,1.8090703726499728,1351.417321532504,269.2078307858307,300,791.923570281379,Success
NCC(F)(F)CC(F)(F)OC,PVDF,12.056197116288178,-30.21315295419081,1.82498639030243,1810.0102827600588,296.7942246327901,200,596.5935889728821,Success
NC(=O)c1ccc(cc1)C(=O)OCCOC,PET,3.344189528064234,72.73490674747792,1.3313590941684108,515.8952394683299,418.79449421676975,200,580.831878353672,Success
CCCCCCC(=O)NCCC,Nylon-6,3.5404577857066712,49.31162945007937,1.133361778928984,577.7238912806018,364.8048842006845,100,549.480106145353,Success
CCCCC(F)(F)CC(F)(F)C#N,PVDF,12.03120782548566,-34.263277526822975,1.806248127887427,2006.316939255182,332.48278728456137,100,537.730708188402,Success
COCC(F)(F)CC(F)(F)OC,PVDF,12.073530867519088,-33.695467521753294,1.802207994821132,2038.158922825117,224.2475562492617,100,531.269901512263,Success
ClCCCCCC(=O)NC(F)(F)F,Nylon-6,3.5659799974675352,48.51207995150149,1.1239653862480186,620.502503750535,364.262431024961,300,515.738967141301,Success
ClCC(F)(F)CC(F)(F)Cl,PVDF,11.989289023046034,-39.7977998233687,1.812033545246513,2105.359998273713,146.8924428063924,25,510.961733057751,Success
ClCC(F)(F)CC(F)(F)C#N,PVDF,11.98664442717527,-36.68137711867124,1.736909167703729,2235.918925044847,419.8737437807251,300,481.361123506428,Success
CCC(F)(F)CC(F)(F)C(=O)O,PVDF,12.055387847035805,-31.132966869878626,1.7609609115283904,2345.5507748336904,382.4798685604997,25,461.744470772169,Success
CCCCC(c1ccccc1)CC(c1ccccc1)C#N,Polystyrene,2.520841727900376,102.68587846189676,1.040873552641368,502.0618160538828,178.0837596441433,200,451.320700074505,Success
CCCCC(C)(C(=O)OC)CC(C)(C(=O)OC)CC,PMMA,3.0837197202670192,104.22898112430556,1.1818768373845,615.8456455684028,16.264697977407145,300,450.223723316862,Success
NOc1ccc(cc1)C(C)(C)c2ccc(cc2)OCCC,Polycarbonate,2.955729735416521,147.64707919047848,1.226660390782616,591.5031103421013,304.0867913550572,100,449.28413924367504,Success
c1ccccc1CC(F)(F)CC(F)(F)OC,PVDF,12.068357090509718,-31.93958126328144,1.8044080840009329,2416.667102796844,171.13044864243733,100,448.78115333536704,Success
c1ccccc1CC(C)(C(=O)OC)CC(C)(C(=O)OC)C(F)(F)F,PMMA,3.0617816116104954,105.65235061275098,1.159818995704749,642.1658739933183,463.20655722131295,200,428.990354841522,Success
c1ccccc1CC(F)(F)CC(F)(F)CCC,PVDF,12.032672754807182,-30.377454497921583,1.773951711570654,2546.268370304569,433.6519223475656,200,424.96950202813,Success
NCC(c1ccccc1)CC(c1ccccc1)CCC,Polystyrene,2.51301483674921,100.5226388873792,1.029660735120948,533.4685530233825,58.66179618873313,25,423.916343737757,Success
CCCC(=O)c1ccc(cc1)C(=O)OCCOCl,PET,3.2848183804661013,70.70031520393596,1.4101474796345248,703.1749353892069,178.3668577288767,200,420.476079279678,Success
c1ccccc1CCCCCC(=O)NC,Nylon-6,3.5204835614666417,48.74896696953307,1.1034724389419974,756.1622360443996,172.4457592862066,200,419.084657818556,Success
c1ccccc1CCCCCC(=O)NC(=O)O,Nylon-6,3.5038528634531256,48.56392849544094,1.1880110326051874,766.767180663953,483.3799222484903,100,411.48636747382,Success
ClCC(Cl)CC(Cl)OC,PVC,3.501725133887349,79.66820223148407,1.3758564292397937,786.8023517847763,491.95879371269314,25,400.924358168688,Success
COCCCCCC(=O)NCCC,Nylon-6,3.5343748943022963,47.79729485699342,1.1828686680853426,818.9686184618758,271.2294661170404,200,388.915587463175,Success
ClCC(c1ccccc1)CC(c1ccccc1)OC,Polystyrene,2.597040556538819,98.41850844455084,1.0477556811367537,606.9602650794536,300.5238528257527,200,385.602400530998,Success
ClOc1ccc(cc1)C(C)(C)c2ccc(cc2)OCC,Polycarbonate,2.991662316299617,144.47698573469194,1.2293437466427088,701.0512629695122,484.6525621485508,300,384.643770292064,Success
CCC(c1ccccc1)CC(c1ccccc1)CCC,Polystyrene,2.4465980092210327,102.50889693828532,1.01905599656302,580.6109662724236,328.1480557510291,25,379.910534147036,Success
CC(=O)CC(C)(C(=O)OC)CC(C)(C(=O)OC)CCC,PMMA,2.95104221646619,100.06929397723243,1.1556259028549811,722.7097303779306,430.6951269673694,100,368.39227223382096,Success
c1ccccc1CC(F)(F)CC(F)(F)C#N,PVDF,11.906726089053585,-34.29495534863047,1.8019075605604864,2914.0944822413067,82.86345793312229,100,368.148278420434,Success
NCCCCCC(=O)NOC,Nylon-6,3.451302109747604,43.74238124659941,1.1170819728947916,853.4490175374376,157.30055214821084,300,364.928101447351,Success
CC(=O)c1ccc(cc1)C(=O)OCCOOC,PET,3.3296069057985,78.5372295489228,1.330902564401428,829.3991429774262,407.85362731007126,100,362.293718246511,Success
CCCC(F)(F)CC(F)(F)C,PVDF,12.040433612033093,-38.31505301993149,1.8118281381213728,3016.503946743368,276.38772834427675,100,359.72143995423,Success
COCC(F)(F)CC(F)(F)CC,PVDF,11.928224166225249,-37.99459876619226,1.7757622432365932,3002.757250283923,275.4387190124526,100,358.037666668355,Success
CC(=O)CCCCCC(=O)NCl,Nylon-6,3.4838427459413084,45.12752833556294,1.09296272736182,878.9073159353009,373.8133195099412,200,357.813322022733,Success
CCCCC(F)(F)CC(F)(F)CCC,PVDF,12.025669680136378,-38.23388714599338,1.7444396918942586,3050.319051155018,471.06255527784975,100,355.358443251585,Success
NCC(F)(F)CC(F)(F)C(F)(F)F,PVDF,12.046944269932164,-35.89700110249849,1.7982570575162842,3077.1592194741525,357.6845120693672,300,352.91080252023903,Success
CC(=O)CC(F)(F)CC(F)(F)C(F)(F)F,PVDF,11.966781067251803,-39.20411151053142,1.7960158744274366,3062.1041381679483,206.48257216259063,100,352.305927172571,Success
c1ccccc1CC(F)(F)CC(F)(F)CCC,PVDF,11.928532611555982,-37.57733987871586,1.7441680568386038,3089.360271107804,169.63018819805404,200,348.145705601225,Success
c1ccccc1CCCCCC(=O)NCCC,Nylon-6,3.522571624361031,49.84549771851004,1.1751326355774538,917.2701124078408,27.90236124865378,100,346.819627036448,Success
ClCC(F)(F)CC(F)(F)C(F)(F)F,PVDF,12.020426023726532,-39.08633754405497,1.767331092401131,3145.9001396386234,496.5278545730967,25,344.573421802404,Success
NCC(F)(F)CC(F)(F)C(=O)O,PVDF,11.987390386035704,-36.11852929057148,1.7969197277579971,3159.218761775828,200.473840284094,100,342.20856297453,Success
CCC(F)(F)CC(F)(F)C#N,PVDF,12.021700753466918,-33.01946810148272,1.7346906001486777,3216.1535700294617,332.90719633400363,300,337.148951567874,Success
c1ccccc1CC(F)(F)CC(F)(F)Cl,PVDF,11.97967678057125,-39.25225314059696,1.7753922260584776,3207.559644310404,301.7406027583484,200,336.88046694745304,Success
COCC(C)(C(=O)OC)CC(C)(C(=O)OC)Cl,PMMA,3.043324098978104,104.11395179377728,1.202860310282321,822.5679809536898,121.82381430886684,25,334.385350135594,Success
COC(=O)c1ccc(cc1)C(=O)OCCOC(F)(F)F,PET,3.212814254222468,77.94657922100316,1.3955212656702676,871.6451837754515,172.7814787374545,200,333.16527792511897,Success
NCC(Cl)CC(Cl)C(F)(F)F,PVC,3.530840776171446,80.60500658250457,1.400498159012547,968.9503254527608,354.1593962982199,200,329.517343585984,Success
CC(=O)C(=O)c1ccc(cc1)C(=O)OCCOC(=O)O,PET,3.316992489921304,77.81412532260566,1.3881349543482693,914.0674323556636,54.18389482837258,200,328.17857639991803,Success
ClCC(Cl)CC(Cl)CCC,PVC,3.4142883942733304,77.81715785430666,1.4092798442706322,941.3197991234646,61.441361089022536,300,328.008698561584,Success
c1ccccc1CCCCCC(=O)NC(F)(F)F,Nylon-6,3.4483592805003664,50.1617434470966,1.125330349769717,964.2693061211166,46.044111879687705,300,323.49829788442605,Success
CCC(F)(F)CC(F)(F)CC,PVDF,11.9992672931107,-33.05394674724437,1.7377250940356546,3379.1665069958403,168.04278527363115,100,320.507737503613,Success
COCCCCCC(=O)NCC,Nylon-6,3.5112102144563986,50.25675987203592,1.131665930549136,997.4525263155238,432.1972359649627,100,318.547940082718,Success
CCCC(F)(F)CC(F)(F)C#N,PVDF,12.04815654981762,-39.00386852349962,1.8022873504641548,3419.269076820804,225.02011019610623,300,318.063145104926,Success
CCCC(F)(F)CC(F)(F)C#N,PVDF,12.059472924843966,-33.75090832466389,1.8057159889679049,3458.3610699644487,487.7834667331196,300,314.796596445006,Success
CC(=O)CC(F)(F)CC(F)(F)C,PVDF,12.069833654234444,-30.732566015508446,1.760844325380886,3485.3103839968967,363.6900014307379,100,312.656406313713,Success
CCCCC(F)(F)CC(F)(F)CC,PVDF,12.035877920275894,-39.63533501389175,1.8014090598032788,3498.565602550941,143.2753814353341,25,310.62725234783096,Success
COCC(F)(F)CC(F)(F)C#N,PVDF,12.067888365742965,-37.156535682171096,1.7882762489501836,3565.9692816117904,370.369710886663,300,305.60708655323805,Success
ClCC(F)(F)CC(F)(F)C,PVDF,12.051123798477429,-38.644466208852535,1.7634326763554249,3639.458375770088,234.96453347665604,300,299.114243550227,Success
FC(F)(F)CCCCCCCC,PE,2.203435545125505,-123.5755313834167,0.8826353431053774,670.54906582736,432.23417977423713,100,297.752041139687,Success
COCC(F)(F)CC(F)(F)CCC,PVDF,11.905388667097812,-34.224559331348814,1.7795862933969866,3634.7745712618,26.93495277541953,300,295.945179359655,Success
ClCC(F)(F)CC(F)(F)OC,PVDF,12.038307414245285,-35.96213258980026,1.827750181211406,3683.693890675292,95.66544189914558,300,295.261883616252,Success
CC(=O)CC(F)(F)CC(F)(F)CC,PVDF,11.97991881801752,-37.20491778349681,1.7765214919680183,3694.716523907444,127.9201274800564,100,292.991435480578,Success
CCCC(F)(F)CC(F)(F)CC,PVDF,12.048627890318285,-38.53860577659577,1.825504022719768,3749.5454073359,393.24818117629457,100,290.38067723473097,Success
NCC(F)(F)CC(F)(F)C(F)(F)F,PVDF,11.932819258934597,-33.63716907193974,1.7532642305158508,3930.115653481388,467.60908005557593,25,274.574621292412,Success
FC(F)(F)Oc1ccc(cc1)C(C)(C)c2ccc(cc2)OC(=O)O,Polycarbonate,2.970403929124484,149.63870486287487,1.214441390000283,987.6033831555626,196.6969369466053,300,273.08265995793903,Success
CCCCC(F)(F)CC(F)(F)C,PVDF,11.97513881622565,-33.00126798542516,1.8236109319894795,3981.503772248894,277.76581206051674,100,272.01571479087005,Success
c1ccccc1CC(F)(F)CC(F)(F)Cl,PVDF,11.93112352348264,-38.85634567287604,1.8154420805823253,3982.3240666006673,208.47529776355407,25,270.98162982332497,Success
CC(=O)CCCCCC(F)(F)F,PE,2.1207578084580696,-119.27704072434229,0.947238600755036,711.0001929171672,350.94469306093697,25,270.898899201736,Success
ClOc1ccc(cc1)C(C)(C)c2ccc(cc2)OCl,Polycarbonate,2.831364617364303,141.33353636392832,1.235932464026858,950.0588156103348,91.33584198657428,100,270.73424371314,Success
c1ccccc1CCCCCC(=O)NC(=O)O,Nylon-6,3.5901827970188305,47.3491936623462,1.1042582558460623,1216.262129014363,453.1469679981101,300,268.172252966972,Success
c1ccccc1CC(C)(C(=O)OC)CC(C)(C(=O)OC)C#N,PMMA,3.0896922367083057,100.35379344559644,1.199832727174795,1048.5540616614758,302.1513576504883,200,267.707443519188,Success
ClC(F)(F)C(F)(F)C#N,PTFE,2.160677423216195,119.85520845081663,2.246836813076025,733.9432080652348,16.857716290596635,100,267.38888907970903,Success
CCCCCCC(=O)NC#N,Nylon-6,3.517494238596499,51.86450029097777,1.1183408894541766,1211.601843555281,71.66001410515118,200,263.863399914831,Success
CC(=O)CC(C)(C(=O)OC)CC(C)(C(=O)OC)CC,PMMA,3.0497878603401056,107.53035425054092,1.226452317365092,1054.458320314607,20.19647502575457,200,262.87301735617405,Success
CCC(C)CC(C)OC,PP,2.28238236793912,-10.053150718920993,0.8693689275854899,797.7203935273851,224.26707725718543,100,260.127907832064,Success
ClCC(F)(F)CC(F)(F)OC,PVDF,11.948709312257789,-36.95331620061594,1.7533959813835212,4182.112087047646,99.87174205212256,200,258.773191645322,Success
FC(F)(F)C(=O)c1ccc(cc1)C(=O)OCCOC(F)(F)F,PET,3.3295903093699963,79.72902191954522,1.3482577996663716,1171.0241730613234,24.21960533043635,25,258.563950437266,Success
ClCC(C)(C(=O)OC)CC(C)(C(=O)OC)OC,PMMA,2.9943305660614548,109.49318304272532,1.1925222868594774,1055.9240571452951,283.7164329575156,300,257.865533032033,Success
CCCCCCC(=O)NCl,Nylon-6,3.5674565468314885,46.99881742053823,1.1558236255431429,1260.017250399345,340.27057627715936,100,257.505013414861,Success
COCC(F)(F)CC(F)(F)CCC,PVDF,11.961310588273149,-30.96580555547868,1.7598638602920484,4208.619727415671,173.57809998907848,200,257.427161031629,Success
CC(=O)CC(c1ccccc1)CC(c1ccccc1)C#N,Polystyrene,2.503069527501124,95.83995229163676,1.0742412237097008,884.7031194679317,106.57835252621794,25,257.327527004643,Success
COc1ccc(cc1)C(C)(C)c2ccc(cc2)OCC,Polycarbonate,2.995147068415185,140.82023524888737,1.157587545306233,1061.0955874710053,191.17134625859995,200,256.71964920264503,Success
CCC(Cl)CC(Cl)CC,PVC,3.4138702671661387,75.03078084299759,1.4143484665412276,1226.2947832202708,132.15198283065746,100,253.282591306374,Success
CC(=O)C(F)(F)C(F)(F)CCC,PTFE,2.184492793834535,119.63568723329443,2.1865238064926364,794.9931603922171,108.75544432142404,300,250.130190312169,Success
CCCCCCCCC(=O)NCC,Nylon-6,3.468188933353695,48.74587422863406,1.1777163109252464,1275.8678681405304,132.6950903254624,200,247.475887581716,Success
c1ccccc1CC(F)(F)CC(F)(F)C,PVDF,11.936331637171149,-39.20744901209781,1.7723876613609977,4372.410971239596,122.84337981039944,100,247.383071022674,Success
FC(F)(F)Oc1ccc(cc1)C(C)(C)c2ccc(cc2)OC#N,Polycarbonate,2.8850747262069136,146.8076675075367,1.1542545203353758,1081.87490938599,332.9787216312145,25,242.89627406335904,Success
CC(=O)CC(F)(F)CC(F)(F)CC,PVDF,11.970802423414089,-37.12664344334516,1.8254001874567032,4467.518600035022,454.20142977068025,25,242.827458464737,Success
NCCCCCC(=O)NC,Nylon-6,3.533257266313261,51.01591799998996,1.1376541212471054,1328.2121428946602,129.0600426279546,100,242.34147180369905,Success
CCCC(C)(C(=O)OC)CC(C)(C(=O)OC)CCC,PMMA,2.9513656674630684,107.21401732147298,1.2016408079852854,1112.6160489458755,192.0579645081104,100,241.666353325333,Success
CCCC(F)(F)C(F)(F)CC,PTFE,2.179944330365252,112.1633870440132,2.186772655288072,830.6114171820313,493.0257561972179,200,239.203755652629,Success
CC(=O)CC(Cl)CC(Cl)C(=O)O,PVC,3.472232438602952,79.83587623825834,1.4242929960852455,1324.4166614033948,140.75009886989562,100,238.923024853201,Success
CCC(F)(F)C(F)(F)C(=O)O,PTFE,2.1952070306588323,112.4671328849258,2.210707456384532,837.8934381248991,469.41797828979753,25,238.79867005382096,Success
CC(=O)CC(C)(C(=O)OC)CC(C)(C(=O)OC)OC,PMMA,3.0017617684335947,108.00173736232308,1.2087480636499093,1151.5659032486851,308.6576905107773,300,237.580634466117,Success
CC(=O)C(=O)c1ccc(cc1)C(=O)OCCOC#N,PET,3.213626955631818,71.08821723059413,1.3374469107550968,1235.444994589898,147.4262572483012,25,237.111107399806,Success
CC(=O)C(=O)c1ccc(cc1)C(=O)OCCOC(F)(F)F,PET,3.3384057323254392,78.83572220815486,1.418214738136695,1284.7244329858963,292.9244595534404,100,236.86939159005803,Success
COCC(F)(F)CC(F)(F)C#N,PVDF,12.035633773720312,-33.98616968389668,1.7523846215123535,4641.418849582961,482.3882314841533,300,235.058698111778,Success
NCC(F)(F)CC(F)(F)CCC,PVDF,11.960491890776025,-33.953713853221345,1.7862468196862666,4613.703915033405,401.3472621389347,200,235.017032492022,Success
CC(=O)c1ccc(cc1)C(=O)OCCOCC,PET,3.3103644077110346,73.9471861598484,1.364016010003528,1291.4441514462178,189.7271643446304,300,233.759359126583,Success
ClCC(C)(C(=O)OC)CC(C)(C(=O)OC)Cl,PMMA,2.9546406021607408,100.27014628398408,1.1608188192091724,1164.1940629004807,34.82520775445327,25,231.504018359353,Success
COCC(F)(F)CC(F)(F)C(F)(F)F,PVDF,12.001998365348964,-38.73569026555106,1.7561804464705668,4819.699947107051,57.20697337381368,25,225.831668464873,Success
NCC(F)(F)CC(F)(F)OC,PVDF,12.07523484364462,-33.50138675505023,1.816688917320664,4860.165543389911,23.85434790615085,300,225.30394409947692,Success
FC(F)(F)CC(c1ccccc1)CC(c1ccccc1)C,Polystyrene,2.4604590404192304,104.40659608841564,1.0275806592638692,1011.3455366067042,474.6698083386163,300,222.195112629601,Success
CC(=O)CC(F)(F)CC(F)(F)Cl,PVDF,12.07596964165124,-32.42123340917296,1.7540482427727966,4980.194405843958,186.16407422145696,25,219.939214009526,Success
c1ccccc1CC(Cl)CC(Cl)OC,PVC,3.443218902304749,79.80744064004793,1.4241216243542951,1433.9939118724926,372.29888125642657,100,219.392804448671,Success
FC(F)(F)CC(F)(F)CC(F)(F)C(F)(F)F,PVDF,11.935773177186668,-39.89981371055359,1.7684304075514965,4949.866198495654,312.83981557605995,200,218.76558671454,Success
CCC(C)(C(=O)OC)CC(C)(C(=O)OC)C(=O)O,PMMA,2.954101254423698,103.56569923269052,1.1627590589854675,1241.7196532958417,125.09133521752943,25,217.429960792,Success
CC(=O)CCCCCC(=O)NC(=O)O,Nylon-6,3.523002605601925,43.19472942645597,1.1500932766594494,1496.8491634730651,437.5415931891834,200,215.17144140326,Success
CC(=O)CCCCCC(=O)NC(=O)O,Nylon-6,3.446001234731916,47.78077555470221,1.154519070366107,1477.9488762465844,222.4442250341429,200,213.237508540431,Success
CCCOc1ccc(cc1)C(C)(C)c2ccc(cc2)OOC,Polycarbonate,2.988700832390009,143.3548263252989,1.1528720722127344,1282.5673549375038,447.7560601507972,25,213.098076062887,Success
COCC(c1ccccc1)CC(c1ccccc1)C(=O)O,Polystyrene,2.418096342247145,98.05581914077246,1.0643626265532178,1050.874977695581,103.43665307463532,300,210.48593542075503,Success
c1ccccc1CC(c1ccccc1)CC(c1ccccc1)C#N,Polystyrene,2.416931417846537,104.47951998789716,1.0030538885587374,1070.8014889784858,68.20823713188796,200,206.632208681109,Success
COc1ccc(cc1)C(C)(C)c2ccc(cc2)OC(F)(F)F,Polycarbonate,2.9018419405768787,142.9911973600665,1.2254508368682209,1291.5657789031588,265.13956985148684,100,205.712760032547,Success
FC(F)(F)CC(C)(C(=O)OC)CC(C)(C(=O)OC)C(=O)O,PMMA,3.0211314383202885,109.0186674746585,1.1450638306753245,1346.9430945449412,231.48590449708405,200,205.383220847495,Success
CC(=O)CC(Cl)CC(Cl)C(F)(F)F,PVC,3.521779077395981,84.17931997348938,1.3967618670363922,1571.3747309967173,66.39987245022242,100,205.21976089102603,Success
COC(F)(F)C(F)(F)C(=O)O,PTFE,2.155942054339512,114.71748550991003,2.229598327185263,964.9500524904854,69.19070918525662,100,204.623821844502,Success
CCCCCCCCC(=O)NC(=O)O,Nylon-6,3.5256551909585805,45.34401577162373,1.1236352076352198,1581.2122570301333,61.64952849189854,200,204.204142496604,Success
NOc1ccc(cc1)C(C)(C)c2ccc(cc2)OC(F)(F)F,Polycarbonate,2.9223042079863246,143.61861628013543,1.1675820885861077,1314.569014239597,166.96748357373727,25,203.62552539587503,Success
NCC(C)CC(C)C#N,PP,2.15380343185526,-6.492316370225501,0.8523054542748719,972.7158192501146,495.1898597931357,200,202.861124401116,Success
c1ccccc1CC(Cl)CC(Cl)Cl,PVC,3.451834214394152,81.60020197177207,1.4362970085925857,1564.0162692680328,93.8737815768118,300,202.210264185627,Success
FC(F)(F)CC(Cl)CC(Cl)OC,PVC,3.4774110729166097,82.83392494936135,1.3786074426964343,1586.817772631364,81.66869661641157,25,200.81337077444,Success
NCC(C)(C(=O)OC)CC(C)(C(=O)OC)C#N,PMMA,3.045355376679513,101.6859059338098,1.1893627202559158,1394.7746124827,239.6917783129529,300,200.09974513536105,Success
c1ccccc1Oc1ccc(cc1)C(C)(C)c2ccc(cc2)OCC,Polycarbonate,2.807971542919983,145.9707485819855,1.1791249501176495,1297.3622884163285,424.4654993961505,25,198.41111291354,Success
ClCC(C)(C(=O)OC)CC(C)(C(=O)OC)Cl,PMMA,2.9697808597324102,100.4306637813043,1.164575621664946,1377.2104790581052,496.6223519111405,25,197.69516407185,Success
CC(=O)CC(c1ccccc1)CC(c1ccccc1)CCC,Polystyrene,2.550863910320936,104.73582951096247,1.081671220990592,1185.7573466605631,56.91461419123044,100,197.249153418129,Success
CCCC(C)(C(=O)OC)CC(C)(C(=O)OC)CC,PMMA,3.060383041267979,104.08341965648157,1.1558665702858504,1440.762340028441,485.9165500482349,100,194.850429291425,Success
CC(=O)CC(C)(C(=O)OC)CC(C)(C(=O)OC)C(F)(F)F,PMMA,2.953560454391124,101.80741089820476,1.2030726075036684,1390.859250728338,232.99666982411745,100,194.799021590481,Success
CCCCC(Cl)CC(Cl)Cl,PVC,3.5143754437151604,84.18506614163056,1.3993201842073986,1655.4949150552957,391.5647401951565,100,194.724079496437,Success
FC(F)(F)CCCCCCC,PE,2.197889322476697,-122.07086538609867,0.898234528472388,1046.6204478368145,127.27466958967084,200,192.691156271878,Success
c1ccccc1C(F)(F)C(F)(F)C(=O)O,PTFE,2.13886511878516,111.88793946437822,2.178372661684234,1030.4097394735008,87.94104111438872,300,190.53437426405105,Success
COC(F)(F)C(F)(F)CC,PTFE,2.1528102001129144,116.573537237135,2.174135599742943,1043.6072509979945,105.10485509664352,25,189.405866974806,Success
COCC(Cl)CC(Cl)Cl,PVC,3.462087956633834,81.98623028412447,1.4083570665749563,1696.4684316657272,357.5132719241684,100,187.43755277030505,Success
COCC(C)CC(C)CCC,PP,2.148338595342937,-8.75750543900246,0.8822898049069837,1053.5949924492909,75.58215914165613,300,187.272418518183,Success
CC(=O)CCCCCC(=O)NCl,Nylon-6,3.513646108403057,51.49343802742369,1.1005746172051991,1731.168356646858,359.67131279001364,100,186.460687327951,Success
NC(=O)c1ccc(cc1)C(=O)OCCOOC,PET,3.2249906814380163,74.73388550050743,1.3698585611576335,1590.4532038638806,172.6048019382819,100,186.309181618642,Success
COCCCCCC(=O)NCl,Nylon-6,3.5854728887333502,42.58088516797793,1.144025662302941,1769.3993466812892,415.3014482058271,25,186.168079447438,Success
CCCCCCCC(=O)NC#N,Nylon-6,3.512998443378104,46.53488784288351,1.1396908434060962,1740.19337463401,499.0104172692268,100,185.496792356262,Success
c1ccccc1C(=O)c1ccc(cc1)C(=O)OCCOCCC,PET,3.238355978210006,77.95743498952632,1.3653969226027216,1608.2614331251798,113.39008517267028,100,185.051133234725,Success
CC(=O)CCCCCOC,PE,2.154300447699574,-124.21220110669915,0.8883312430453894,1072.5005218971935,24.94760358102486,200,184.609310098416,Success
c1ccccc1CC(C)CC(C)C(=O)O,PP,2.1876694557881065,-7.0142582000275855,0.9078104039866915,1093.7247538040165,104.39139525317748,100,183.849297214391,Success
COCC(c1ccccc1)CC(c1ccccc1)OC,Polystyrene,2.453082293445317,98.39677311229126,1.0462910305346378,1247.9951800959388,357.83243035215304,200,180.79950467422304,Success
CCCCCCCC(=O)NC(F)(F)F,Nylon-6,3.4002342606499654,44.92927626489662,1.1484829532057683,1737.8583212340652,122.64546397900573,200,179.98704019055998,Success
NCC(Cl)CC(Cl)Cl,PVC,3.5571502523888663,79.46946556586866,1.4313570779859826,1818.25373776788,374.4066497675916,300,179.953742535053,Success
CCCC(C)CC(C)Cl,PP,2.288721442549993,-9.805374347376102,0.8595387890283236,1178.9124286262738,345.51115027710983,100,178.657624655522,Success
CCCOc1ccc(cc1)C(C)(C)c2ccc(cc2)OOC,Polycarbonate,2.9616850875010368,141.36148154048124,1.2140559930583303,1533.3689181786565,445.1801982080124,25,177.791549395583,Success
CCCC(F)(F)C(F)(F)C,PTFE,2.088935220676548,118.14729556389617,2.238232787768675,1087.8085908222424,235.23414055100545,200,176.765338345466,Success
COCCCCCC(=O)NC,Nylon-6,3.562413944255096,46.85569509362556,1.1882073531943296,1856.2939238533947,51.72467048760455,200,176.659313169232,Success
c1ccccc1CC(Cl)CC(Cl)CCC,PVC,3.4440319639756525,78.58312118042949,1.4365298881108566,1797.551803327209,221.2434239554536,300,176.367495055822,Success
CC(=O)C(F)(F)C(F)(F)Cl,PTFE,2.064597710114056,119.0388402073736,2.196750643367127,1081.6705193174353,428.5939259896719,100,175.72280353323802,Success
FC(F)(F)CC(Cl)CC(Cl)CC,PVC,3.5257552004129606,77.30147995361735,1.3883884241157554,1850.5995329932075,219.2511861862341,100,175.42660591882102,Success
c1ccccc1CC(Cl)CC(Cl)C,PVC,3.44581655889468,76.2752992418917,1.4349808941411475,1809.958710513514,435.4922932771127,25,175.28759705332502,Success
CCCCC(C)CC(C)Cl,PP,2.274416095334661,-13.173341366836238,0.8832239941978132,1203.99300582316,406.1044453917015,300,174.009989767037,Success
CCCOc1ccc(cc1)C(C)(C)c2ccc(cc2)OCC,Polycarbonate,2.9706793254447854,147.25492174125705,1.1992469174329774,1587.0110289193597,19.3950828420094,200,172.49796167041902,Success
CCC(F)(F)C(F)(F)OC,PTFE,2.124627409340776,111.4380164231333,2.2324107220224665,1135.145459302946,347.4894010242401,200,172.460989139609,Success
FC(F)(F)CC(C)(C(=O)OC)CC(C)(C(=O)OC)C#N,PMMA,2.9243541356125835,104.61197235985912,1.1663497503775595,1568.5103521745832,24.734102854527706,300,171.832604573868,Success
CCCC(C)CC(C)C#N,PP,2.194016839731277,-9.271790826772357,0.8987636852823102,1183.8100879606773,49.440570049993184,100,170.847749996765,Success
NCC(C)CC(C)C(=O)O,PP,2.275769102916914,-10.246522452020509,0.899507752662479,1231.7572039050526,59.24772875198237,25,170.320099682193,Success
CCCC(c1ccccc1)CC(c1ccccc1)C,Polystyrene,2.456730995169587,98.97604719030808,1.0752816618548144,1356.4623901468867,157.56524722514277,200,167.124132381246,Success
c1ccccc1CC(C)(C(=O)OC)CC(C)(C(=O)OC)Cl,PMMA,2.9739686320591834,100.13181236934815,1.1920068237052457,1651.6432223243023,365.2339846116046,200,166.17313125176,Success
CC(=O)CC(Cl)CC(Cl)Cl,PVC,3.404976854393577,83.94553513708595,1.3824014604545256,1894.2604141073432,86.13847493115811,100,165.86992249898802,Success
CCCOc1ccc(cc1)C(C)(C)c2ccc(cc2)OC#N,Polycarbonate,2.8407558067903755,148.33518466900483,1.2310001805120798,1582.0176306119215,158.6511902578881,25,165.742165730472,Success
c1ccccc1C(=O)c1ccc(cc1)C(=O)OCCOC#N,PET,3.359337416711913,79.46773504574477,1.3427345554010397,1874.916098736326,186.28824053425728,25,165.344111248329,Success
CCCCCCCCC(F)(F)F,PE,2.155216162227832,-123.73205507398028,0.8809679736193663,1204.4531399436742,399.7132432678333,300,165.174705095683,Success
FC(F)(F)CCCCCC(=O)NCCC,Nylon-6,3.4007514441600266,50.73101922638236,1.1491126331636905,1919.8076326061005,313.47397411665384,100,163.547900224147,Success
ClCCCCCC(F)(F)F,PE,2.228332347840739,-117.48162406835569,0.8776001803966089,1269.7086442833986,63.772571422500846,300,162.138984141191,Success
ClCC(c1ccccc1)CC(c1ccccc1)Cl,Polystyrene,2.4135898155739146,102.9241094202595,1.041253414522695,1387.0013520693649,321.39106350926244,300,160.808812651614,Success
COc1ccc(cc1)C(C)(C)c2ccc(cc2)OC,Polycarbonate,2.847797498205001,144.09153391021786,1.1901297015215453,1645.9578651114664,301.9063401007778,300,159.921316554413,Success
CCOc1ccc(cc1)C(C)(C)c2ccc(cc2)OC(F)(F)F,Polycarbonate,2.897295163474484,140.67811969482062,1.1569961160910542,1722.6005532935417,205.2514541254364,100,155.647542708683,Success
CCCC(F)(F)C(F)(F)C(=O)O,PTFE,2.1062714900633472,114.8887561901758,2.154336710491074,1271.361198727688,370.2257127771976,25,153.42877776453503,Success
CCCCCCCCC(=O)NC,Nylon-6,3.574890738694564,42.615279811836025,1.1577937978250463,2158.3705106304456,176.39212057099172,100,153.288754352345,Success
CCCC(=O)c1ccc(cc1)C(=O)OCCOC(F)(F)F,PET,3.371715776854324,73.9809329803885,1.3626263525349391,2046.474708246397,423.0485604928617,300,152.543561420521,Success
CC(F)(F)C(F)(F)OC,PTFE,2.000228500422225,115.34729051528107,2.183565253298568,1224.6074734998967,168.1308913725235,25,151.36429771798498,Success
COCC(c1ccccc1)CC(c1ccccc1)C(=O)O,Polystyrene,2.559253817554409,100.51061493211282,1.0966380395741488,1568.716577285679,452.33091647172427,300,151.18405295153102,Success
COCCCCCC(=O)NOC,Nylon-6,3.573472845405283,44.15071613237247,1.186731960789758,2191.1529687260445,184.62708149081945,100,151.0327587542,Success
c1ccccc1CCCCCC(=O)NC(F)(F)F,Nylon-6,3.4121531343330127,49.262918854190445,1.1690432989384996,2120.999097795964,343.92752617370326,200,149.102136077946,Success
ClOc1ccc(cc1)C(C)(C)c2ccc(cc2)OCC,Polycarbonate,2.810578554140812,144.75296013360617,1.1657742948905656,1753.9458246608856,238.6314456649733,200,148.607591067279,Success
CC(=O)CC(C)CC(C)CC,PP,2.143402972986294,-6.0337564944328985,0.8667389688591951,1339.4005395664644,324.38703191706423,300,148.42318988198102,Success
CC(F)(F)C(F)(F)C#N,PTFE,2.10563650643276,119.803669840993,2.2122577043006,1320.6040061938304,454.2857771759316,200,147.889950263637,Success
COCC(C)(C(=O)OC)CC(C)(C(=O)OC)C(F)(F)F,PMMA,2.937059117616645,103.7013815054976,1.1734661007982623,1853.107495249097,182.1899045882337,100,147.046731491412,Success
CC(=O)c1ccc(cc1)C(=O)OCCOCl,PET,3.2762432504340504,72.41186302925308,1.4138404969850606,2072.7454694023145,182.2300120532782,25,146.616694229754,Success
ClC(=O)c1ccc(cc1)C(=O)OCCOC,PET,3.2438741549309853,79.33086792007992,1.383862325243235,2055.50935694299,97.03476199486634,100,146.386445399977,Success
CCCC(=O)c1ccc(cc1)C(=O)OCCOC,PET,3.2273127994273936,79.14934697414527,1.3837092839827037,2067.0526645636346,102.77304922252996,100,144.905883657869,Success
ClCCCCCC(=O)NCl,Nylon-6,3.54524170797934,45.26472862015646,1.1123504189895863,2282.460924468136,25.36348673454202,100,144.142998585962,Success
ClCC(Cl)CC(Cl)Cl,PVC,3.467139742693641,82.52786816341914,1.4256405808469883,2231.945357707545,45.7986703376721,100,144.131381571276,Success
c1ccccc1CCCCCC(=O)NOC,Nylon-6,3.414683817210956,45.67450688584131,1.1583638032748729,2200.9587412424216,435.1943268820882,100,143.99249403611,Success
COCCCCCCl,PE,2.233065070819115,-118.88400886016775,0.9006314138423717,1452.694929767391,237.0554706124451,100,142.83691406059,Success
FC(F)(F)Oc1ccc(cc1)C(C)(C)c2ccc(cc2)OCC,Polycarbonate,2.936366574317585,146.80061662717105,1.202946620437063,1920.3743996694309,499.2672178894799,200,142.07175250815902,Success
CCCC(C)(C(=O)OC)CC(C)(C(=O)OC)C#N,PMMA,2.950848488795031,104.97426459461876,1.1673537972769912,1933.2024108783544,454.8262185235192,300,141.837923900697,Success
FC(F)(F)Oc1ccc(cc1)C(C)(C)c2ccc(cc2)OC(F)(F)F,Polycarbonate,2.9063362636322343,143.69574227228324,1.1885594116427454,1908.4205800279965,453.9621866702552,100,141.524820801926,Success
ClCC(Cl)CC(Cl)CCC,PVC,3.5644404411788124,80.88961139705282,1.43206969536464,2350.651229093368,101.35804406312228,25,140.83500352284503,Success
FC(F)(F)CC(C)(C(=O)OC)CC(C)(C(=O)OC)Cl,PMMA,3.069364282460673,103.7618725491062,1.1497168808695468,2041.5528542889167,425.6700788087393,200,139.771167221602,Success
CCC(c1ccccc1)CC(c1ccccc1)CC,Polystyrene,2.5251060701268777,101.4704757306216,1.012277199390111,1681.059793206889,88.31602809513421,200,139.728890110375,Success
CCCCC(C)CC(C)C#N,PP,2.1876125477196315,-14.514152021172702,0.8509960999086944,1460.495454998052,345.98266446998457,300,139.352643180049,Success
FC(F)(F)CC(c1ccccc1)CC(c1ccccc1)C#N,Polystyrene,2.4622467286054297,97.98729244906744,1.0036498870821935,1646.918288573589,151.8603764502356,200,139.08160128759098,Success
FC(F)(F)CC(c1ccccc1)CC(c1ccccc1)CC,Polystyrene,2.565976364424729,103.28325524201112,1.0763691575746406,1723.1513340764618,106.95630875562436,25,138.55811785052902,Success
NOc1ccc(cc1)C(C)(C)c2ccc(cc2)OC(=O)O,Polycarbonate,2.821400062290265,141.8022760736675,1.1724071184512526,1898.5010362424885,439.7947143051904,200,138.267086119509,Success
COOc1ccc(cc1)C(C)(C)c2ccc(cc2)OC(=O)O,Polycarbonate,2.8094812787329047,141.37868764739002,1.1932206353979176,1898.9579171315568,120.8818932102592,300,137.67891861938,Success
c1ccccc1C(=O)c1ccc(cc1)C(=O)OCCOC,PET,3.202220960754696,74.13973021145044,1.3739576639829767,2166.1673240237733,113.58266029290613,100,137.513060948182,Success
COC(=O)c1ccc(cc1)C(=O)OCCOCCC,PET,3.231982599290736,77.86335376482388,1.3482916325692702,2192.0687763825745,225.7333477394844,200,137.166957952638,Success
FC(F)(F)CC(C)(C(=O)OC)CC(C)(C(=O)OC)C#N,PMMA,3.0828629719775047,102.42730137944662,1.1670612815779378,2106.119635597662,411.38028838715553,300,136.229086736596,Success
COC(F)(F)C(F)(F)C(=O)O,PTFE,2.112129739520742,117.0220272401184,2.154842374884711,1448.620705624481,58.99567427607359,300,135.817092265462,Success
FC(F)(F)Oc1ccc(cc1)C(C)(C)c2ccc(cc2)OC#N,Polycarbonate,2.869750679177526,148.73118901017378,1.2062069940863818,1992.8105196285248,417.3106243022862,200,134.15276187520098,Success
c1ccccc1CC(C)(C(=O)OC)CC(C)(C(=O)OC)C(F)(F)F,PMMA,2.913454367654512,103.3790416663839,1.153162143680521,2029.6702518766133,38.57254370948896,300,133.75355256214,Success
CC(=O)CC(Cl)CC(Cl)CCC,PVC,3.4609380244617216,83.4543931139967,1.4038720734694723,2415.011542455172,153.55715936111778,200,133.414711908557,Success
COCC(C)(C(=O)OC)CC(C)(C(=O)OC)CCC,PMMA,3.0731452148549643,105.2601657200398,1.1397660371615002,2167.669949352672,250.56622445171527,300,132.14469763302398,Success
NCC(C)CC(C)C(F)(F)F,PP,2.2325154321123826,-8.203966178834628,0.875122177364274,1584.0657556830538,111.48629692359096,100,131.502480325167,Success
NC(=O)c1ccc(cc1)C(=O)OCCOC(F)(F)F,PET,3.293757111492428,79.16489533816505,1.3925930592148463,2339.5666358416515,227.6148240986359,100,131.221584325027,Success
c1ccccc1CC(c1ccccc1)CC(c1ccccc1)CCC,Polystyrene,2.4660065322951805,101.54203561848878,1.0752297984748882,1756.1026822863785,196.52040784929207,100,131.04280131457298,Success
ClCCCCCC(=O)NCCC,Nylon-6,3.490635479679705,49.89180717199935,1.1290546232802747,2498.6081798668183,345.2747856735537,200,130.197150155134,Success
FC(F)(F)CCCCCC(=O)NC(F)(F)F,Nylon-6,3.5099425666426107,45.05171887861472,1.118973048028785,2524.953162286364,404.2162825831143,300,129.571932751485,Success
c1ccccc1CCCCCC,PE,2.169530868777352,-121.01707729765548,0.9198780980519288,1564.3572722232905,331.10908446692287,200,129.503087124288,Success
CC(=O)CC(c1ccccc1)CC(c1ccccc1)OC,Polystyrene,2.4297942297002875,95.2955037906556,1.014755606768101,1755.8023592274,471.3888646561224,25,129.235716733133,Success
CCCCCCCC(F)(F)F,PE,2.2266208313005187,-119.74149996611084,0.9400955191856802,1612.4707732028596,265.8737459838908,100,128.97805018514703,Success
CC(=O)CCCCCC(=O)NCCC,Nylon-6,3.5841253704205727,43.68228882648664,1.1808945006360485,2599.2111081769667,264.5497317206342,100,128.530426427036,Success
c1ccccc1CC(c1ccccc1)CC(c1ccccc1)CC,Polystyrene,2.5022352559908336,95.56422308199808,1.0867347329624226,1838.057773714304,196.7872551527894,300,127.217665473637,Success
NCC(c1ccccc1)CC(c1ccccc1)OC,Polystyrene,2.4998819046107066,102.45064933186686,1.028852680598203,1837.1940718288204,452.3515544563466,25,127.161246732494,Success
c1ccccc1C(=O)c1ccc(cc1)C(=O)OCCOC(=O)O,PET,3.3637174688011338,75.58314270724783,1.38416076033233,2469.444729921851,177.51168572161646,100,127.112164276099,Success
ClOc1ccc(cc1)C(C)(C)c2ccc(cc2)OC,Polycarbonate,2.816840868449473,144.6604624341808,1.2335060914513942,2074.4032058100465,38.6333259045693,200,126.876968242127,Success
CCCC(c1ccccc1)CC(c1ccccc1)C(F)(F)F,Polystyrene,2.4498580521209035,102.9998394208255,1.0141316494869574,1816.450126725268,321.4037521680844,300,126.100605240792,Success
FC(F)(F)CC(C)(C(=O)OC)CC(C)(C(=O)OC)C(F)(F)F,PMMA,2.9399876619246075,103.98180109770112,1.1571200262947343,2180.7159091113544,214.6820297581498,200,125.979521221021,Success
CCCOc1ccc(cc1)C(C)(C)c2ccc(cc2)OC(F)(F)F,Polycarbonate,2.934607458255777,148.34703033798067,1.2142045787047848,2181.909911979221,360.00300224305033,25,125.695727662496,Success
c1ccccc1C(=O)c1ccc(cc1)C(=O)OCCOC(F)(F)F,PET,3.299983246298058,72.02467048273503,1.3983536261391714,2459.453535157309,358.86529681349,200,125.308544888636,Success
CC(=O)C(=O)c1ccc(cc1)C(=O)OCCOC(F)(F)F,PET,3.313628022188618,72.26570315154515,1.4150435261910896,2470.1444405347256,183.58379689948623,25,125.28056178055,Success
NCC(C)(C(=O)OC)CC(C)(C(=O)OC)C(F)(F)F,PMMA,3.0895069383954903,101.98924167690885,1.2130618634768395,2323.360713790056,137.59007513378936,300,124.311239966288,Success
CCC(C)CC(C)C,PP,2.1300697868028595,-6.7536658630840805,0.9383028180962364,1606.109776740821,355.15035873912154,300,124.140198721361,Success
COCCCCCC(F)(F)F,PE,2.1471392272893346,-122.92049915235933,0.878044597049904,1621.1454928632263,240.8427237394397,300,123.950496540714,Success
FC(F)(F)Oc1ccc(cc1)C(C)(C)c2ccc(cc2)OC,Polycarbonate,2.833827753897576,147.08105280709108,1.241243791900058,2139.444774977587,103.9011527282652,100,123.8912289183,Success
CCCC(=O)c1ccc(cc1)C(=O)OCCOCCC,PET,3.226834747216899,73.89355807840025,1.3498119747842172,2446.195279397426,474.2440722211204,200,123.306045110068,Success
ClC(=O)c1ccc(cc1)C(=O)OCCOCl,PET,3.3198279636048693,78.75284102230148,1.3881415305806395,2554.861077568871,449.0328627012545,100,121.502955909187,Success
FC(F)(F)Oc1ccc(cc1)C(C)(C)c2ccc(cc2)OCl,Polycarbonate,2.975169459520059,145.78939637948653,1.2268102695102974,2298.549817042365,413.965425842772,100,121.164320712336,Success
CC(=O)CCCCCC(=O)NC#N,Nylon-6,3.419208793316177,49.542248234860295,1.1176250438819624,2645.451151329653,152.84961694208172,200,120.858178110838,Success
ClCC(C)(C(=O)OC)CC(C)(C(=O)OC)C#N,PMMA,2.909365130894626,108.76253780471792,1.180929786354196,2256.953796322414,230.6619599655516,300,120.696422140703,Success
CCOc1ccc(cc1)C(C)(C)c2ccc(cc2)OC(=O)O,Polycarbonate,2.983911390676788,147.2571194747005,1.184123416915263,2327.9089037805707,361.9482740281617,25,120.059042246557,Success
CCCC(F)(F)C(F)(F)C,PTFE,2.1500136758885025,111.14574685690582,2.244734731911826,1684.3947007255572,191.18098350417625,100,119.724583039849,Success
ClCC(Cl)CC(Cl)C#N,PVC,3.5810467699878386,84.32980388853584,1.4458678932047817,2797.200651333061,77.57721151205786,300,119.704001852596,Success
c1ccccc1CCCCCC,PE,2.2593525321477785,-115.85899014988787,0.9262489682973868,1776.5686648635512,340.0202682332249,25,119.28955033018,Success
CCCC(=O)c1ccc(cc1)C(=O)OCCOC#N,PET,3.3400009647948488,77.24244484541641,1.406492423158391,2625.3490339829623,59.78506610535394,200,119.079252039867,Success
c1ccccc1CCCCCC#N,PE,2.283225676319949,-118.50633166771878,0.9522220692475946,1807.844764553505,72.06699449362485,100,118.48548923250802,Success
CCCC(F)(F)C(F)(F)C(=O)O,PTFE,2.059869301824,115.215945265563,2.159109552571261,1636.553586858848,467.5434391348432,25,118.120620833538,Success
ClCC(c1ccccc1)CC(c1ccccc1)C(F)(F)F,Polystyrene,2.5771372157658794,97.79903027744524,1.0900934663672244,2056.4695196673283,160.62569871233876,200,117.583405946693,Success
ClCC(C)(C(=O)OC)CC(C)(C(=O)OC)C(=O)O,PMMA,2.98087755615596,100.49919809286916,1.1919317341531768,2398.520530027441,187.2990557946512,200,116.553768554774,Success
c1ccccc1CC(C)(C(=O)OC)CC(C)(C(=O)OC)Cl,PMMA,3.092487242732834,104.97470181079252,1.2283225785168064,2492.717742705931,488.39159699148576,200,116.335098943072,Success
CCCCC(C)CC(C)CC,PP,2.231778619074412,-9.219650430536742,0.8736899870642185,1804.9659938514887,204.4949403282615,100,116.136706497852,Success
CCCCCCCC(=O)NCCC,Nylon-6,3.5308304321513067,48.35334135013994,1.133974482997288,2853.508211319915,271.40233971619534,200,115.880831621151,Success
CCC(F)(F)C(F)(F)CC,PTFE,2.0511899070356483,118.79370547453232,2.217892500392914,1679.720411456752,127.48370590119252,25,114.821831683925,Success
ClC(=O)c1ccc(cc1)C(=O)OCCOC#N,PET,3.3044100919445984,74.48194818162251,1.357226809117275,2698.5244993141187,473.1848414722872,25,114.817964371901,Success
CCCCC(C)(C(=O)OC)CC(C)(C(=O)OC)C,PMMA,2.989159243515773,104.72276551031072,1.1684253572717784,2444.202640978633,497.3817785485447,100,114.783022188988,Success
CCCCCCCC(=O)NC,Nylon-6,3.44894673186061,46.38864019037717,1.189681075536428,2833.7503345086325,352.22732694412485,200,114.093042103921,Success
CCCC(Cl)CC(Cl)C#N,PVC,3.568013963051892,80.11643035409585,1.399410727972555,2964.6165229857133,406.03028953322826,25,112.809448561323,Success
CCC(F)(F)C(F)(F)CCC,PTFE,2.1745200315918733,110.85029619874248,2.242348830848491,1814.566404415305,405.1074239303365,200,112.771240750787,Success
CCCCCCCCC(F)(F)F,PE,2.207415449797549,-116.13787919612336,0.9148191180600322,1861.3618542495649,288.40901246717016,25,111.676127659421,Success
FC(F)(F)C(=O)c1ccc(cc1)C(=O)OCCOCl,PET,3.3945906611513705,70.75399723135902,1.3919246555365723,2872.166874722828,331.2965588684304,300,110.956260397653,Success
CC(F)(F)C(F)(F)OC,PTFE,2.1589670662136915,110.9609390677877,2.158393829934336,1835.71208994274,37.91405376928434,300,110.792595381689,Success
ClCC(C)(C(=O)OC)CC(C)(C(=O)OC)C(F)(F)F,PMMA,3.0006540762483573,101.31694081854084,1.2045484615359048,2558.918373071876,401.12595684084704,200,110.262451464664,Success
ClCCCCCCC,PE,2.29032941539108,-115.01043498542732,0.9573268829105654,1979.516909424,246.1156044839394,300,109.060123826471,Success
COc1ccc(cc1)C(C)(C)c2ccc(cc2)OCC,Polycarbonate,2.965387194878008,147.76709476145527,1.1812023963339693,2578.1524224458817,258.28724193954736,100,108.26676410833,Success
CCCCC(Cl)CC(Cl)C#N,PVC,3.451960881324424,83.05858767255665,1.3584443753014983,3015.550666896954,128.62504553386674,25,107.571483369589,Success
CCCC(F)(F)C(F)(F)C,PTFE,2.1106427497812508,112.1462839210513,2.1701294239851774,1856.4938795802848,118.05624625143746,100,107.328883623203,Success
COCC(c1ccccc1)CC(c1ccccc1)Cl,Polystyrene,2.465456874690501,100.6100528681752,1.0174414536455576,2167.2029362679423,470.46088839842525,25,107.314555521303,Success
CCCCCCCCCl,PE,2.1030579609937416,-120.241494617667,0.9558668413785046,1870.3101831406743,298.8060573858993,200,106.187232311543,Success
CCC(Cl)CC(Cl)OC,PVC,3.4769206156291763,76.76763251887478,1.4350826640632002,3084.3450675198874,163.3207752656338,100,106.004299792003,Success
NCC(C)CC(C)C#N,PP,2.2707832481021546,-9.108991391509855,0.9408748359518132,2027.474073997497,379.2907342028728,300,105.7831256238,Success
NC(F)(F)C(F)(F)C,PTFE,2.091546759813262,118.3400008026374,2.229196819388054,1880.2535710874347,252.12502083816423,300,105.119176352771,Success
FC(F)(F)CC(Cl)CC(Cl)CC,PVC,3.541558217919336,81.73092431711784,1.3891106826724846,3190.5040746239865,189.7326229107124,300,104.413785713334,Success
CCCCCCCC(=O)NC(F)(F)F,Nylon-6,3.5188019768782577,48.27797047193227,1.1791221092620152,3187.569391744781,18.02934450083572,300,103.873149389481,Success
NCC(c1ccccc1)CC(c1ccccc1)OC,Polystyrene,2.443805442834548,96.19024866061092,1.002427779285877,2228.661326522947,79.22568443825287,300,103.630615230189,Success
NOc1ccc(cc1)C(C)(C)c2ccc(cc2)OC(F)(F)F,Polycarbonate,2.8940404049207995,141.51024087435803,1.1940417601688538,2637.408999835581,141.13479216701077,100,103.559677043298,Success
CC(=O)CCCCCC(=O)NC(=O)O,Nylon-6,3.510695042308281,47.91300291822181,1.1230195126836722,3199.9517153669613,411.9209530642026,300,103.26307119869,Success
CCCC(F)(F)C(F)(F)Cl,PTFE,2.1832536518385672,119.97026929913532,2.221737469141052,2009.91098488775,156.63894534398972,25,102.77876330727,Success
COC(F)(F)C(F)(F)C,PTFE,2.129334885223064,113.0152355100478,2.1843036546103662,1969.494487726033,497.479816021776,25,102.357247240011,Success
CCC(F)(F)C(F)(F)C#N,PTFE,2.194514485055928,110.48196582662816,2.233376587022009,2032.702283298272,169.7338245386511,300,102.196136482131,Success
CCC(=O)c1ccc(cc1)C(=O)OCCOCC,PET,3.352486692558992,70.07676782067811,1.3805825814514612,3096.6240339594824,38.747063626749465,200,102.040262699302,Success
COC(F)(F)C(F)(F)C(=O)O,PTFE,2.110170028895218,111.85107030350646,2.2426144782157813,1961.0953463957408,396.0768323321748,25,101.899679225047,Success
CCC(F)(F)C(F)(F)CCC,PTFE,2.193033374474336,119.35160530221732,2.206402327109681,2049.9941309803626,318.9349671518476,25,101.323889433044,Success
c1ccccc1CC(C)(C(=O)OC)CC(C)(C(=O)OC)C(=O)O,PMMA,2.9378807123255664,105.56069082599464,1.1569475194285126,2744.660396806721,256.8943739024063,100,101.115874551066,Success
ClCC(C)CC(C)C(=O)O,PP,2.255802838242777,-6.915072502100921,0.8903531769305933,2126.249812684032,422.4003943618089,300,100.517068662802,Success
CC(=O)c1ccc(cc1)C(=O)OCCOCl,PET,3.3953222416397324,71.38471859878571,1.3531758348729328,3195.3490319740386,146.83430685633817,25,100.205471906403,Success
CC(=O)C(=O)c1ccc(cc1)C(=O)OCCOCC,PET,3.2160503071080373,70.2630675296711,1.4047761121040103,3034.720764423362,129.3830483757867,300,100.03729660783,Success
FC(F)(F)CC(C)(C(=O)OC)CC(C)(C(=O)OC)C(F)(F)F,PMMA,3.074747394534529,109.48181022493414,1.210903336947552,2946.7206014894045,455.767102268206,100,98.6436014991701,Success
NC(F)(F)C(F)(F)OC,PTFE,2.1186258059071643,116.67819330956168,2.1526078551733048,2041.666158119531,89.93580112629803,25,98.4789965328534,Success
NCCCCCC(=O)NCCC,Nylon-6,3.5966352990661057,45.32600669553,1.1142635678364303,3449.1668559716454,219.68229036039023,100,98.3098541243287,Success
CC(=O)CCCCCC(=O)NOC,Nylon-6,3.4035996846973604,46.39955855558105,1.177923710207741,3267.8575495532973,204.7303267984572,25,98.2952788905161,Success
CC(=O)CC(C)CC(C)CC,PP,2.1913060088621616,-9.287203265935606,0.9358790571908646,2122.959855520214,48.926907146997,300,97.97164960542533,Success
CC(=O)CC(Cl)CC(Cl)C#N,PVC,3.4385445978344733,83.32211358891561,1.448512562198473,3350.111467698242,339.52953521641604,200,96.9091673240053,Success
NCC(Cl)CC(Cl)Cl,PVC,3.5772606145834063,75.52111672789786,1.4313145831883944,3501.3598408564426,253.3655648545968,200,96.4128975614573,Success
c1ccccc1CCCCCC(=O)NC#N,Nylon-6,3.401353737838281,50.14397533864939,1.1322411574913345,3336.402627253834,467.51708594200585,200,96.3008189144074,Success
CCCCCCCCC(=O)NCCC,Nylon-6,3.594930502393692,43.5575434508633,1.138665309663106,3523.119643688822,128.14393668853785,300,96.2867910431504,Success
NCC(C)(C(=O)OC)CC(C)(C(=O)OC)CCC,PMMA,2.9322740876471274,100.91703448177816,1.2248414511634629,2906.143642407741,274.3572813382825,100,95.6160496282725,Success
COc1ccc(cc1)C(C)(C)c2ccc(cc2)OCl,Polycarbonate,2.935724962837898,149.1714159543342,1.2249537598310274,2925.61233932269,336.60458130022454,100,95.1153408141642,Success
COOc1ccc(cc1)C(C)(C)c2ccc(cc2)OC,Polycarbonate,2.9221423285353523,143.48673772714088,1.2321652019982017,2914.40402937626,373.9544891773967,200,95.0487649805628,Success
CCCCC(c1ccccc1)CC(c1ccccc1)C(F)(F)F,Polystyrene,2.490123939169289,99.1704512187979,1.0938277100501252,2490.308413018769,41.78371167357791,100,94.9983179576672,Success
c1ccccc1CCCCCCC,PE,2.110636328469364,-115.4770215612226,0.8866286640986139,2121.761659816216,362.70296649470646,100,94.6677345259202,Success
FC(F)(F)C(F)(F)C(F)(F)Cl,PTFE,2.1145070620409943,110.94563055706142,2.199788830429404,2132.0039151684405,216.8022381111798,25,94.38501619255833,Success
CCCCCCCC(=O)NC,Nylon-6,3.5285308675743767,45.48218687312511,1.1673644524633378,3564.7121987338705,366.17835312675095,300,93.5324978056492,Success
c1ccccc1CC(C)(C(=O)OC)CC(C)(C(=O)OC)C#N,PMMA,3.017965668850367,104.10226194243624,1.15918769618719,3059.4595586650707,460.9783509563249,100,93.5260389522447,Success
CCCCC(C)(C(=O)OC)CC(C)(C(=O)OC)C(=O)O,PMMA,3.014335497382493,107.13526026668028,1.2265035880147863,3065.5494386189325,83.52860123355346,300,93.2439210703611,Success
CCCCCCCl,PE,2.248634186631315,-117.81573024301142,0.926716773283622,2300.058905752303,470.0398730440826,200,93.0816893866108,Success
CC(=O)CC(C)(C(=O)OC)CC(C)(C(=O)OC)C,PMMA,2.963365255431985,100.49254236172447,1.1929017464414482,3021.1029511208417,117.99614483257392,300,93.0449509840723,Success
COc1ccc(cc1)C(C)(C)c2ccc(cc2)OOC,Polycarbonate,2.935170583253143,147.7779956946052,1.1746178831479437,2997.217950851765,89.43021995158023,200,92.9163625228695,Success
NCC(Cl)CC(Cl)C#N,PVC,3.401047007732718,79.00920910567196,1.3524651765217162,3477.959769736835,260.0873753521804,25,92.543811703481,Success
FC(F)(F)CC(c1ccccc1)CC(c1ccccc1)C#N,Polystyrene,2.57496794585536,104.4821537311076,1.0217453006517114,2654.3101239991734,79.37972267305472,100,92.2795211862116,Success
CCCC(Cl)CC(Cl)CCC,PVC,3.463003538620671,75.63757408105093,1.4211046355577792,3559.6943413925223,119.98710316796752,25,92.0271910985024,Success
NCCCCCCC,PE,2.1802946641638736,-119.02570032097202,0.9159186649231044,2258.710129901603,179.2788670042603,300,91.9841416971748,Success
CC(=O)CC(C)(C(=O)OC)CC(C)(C(=O)OC)C(=O)O,PMMA,3.068497746811313,104.92362496062124,1.2002447699464924,3174.31679591015,380.802275108271,100,91.7148133781485,Success
COc1ccc(cc1)C(C)(C)c2ccc(cc2)OCl,Polycarbonate,2.918726191906816,144.22765919018195,1.247363193693714,3044.8106205377712,406.0137096711747,300,91.0634699535394,Success
CCCCCCCCC(=O)O,PE,2.2884414993415603,-122.95885412683532,0.9582054839324085,2411.154099590082,314.61306798419946,25,90.51230704589352,Success
NC(F)(F)C(F)(F)C(=O)O,PTFE,2.0787632194572003,114.09239914313942,2.218731706426022,2194.074048260404,224.14985437294,200,90.4470773018724,Success
CC(=O)CC(Cl)CC(Cl)C,PVC,3.496570172480985,79.71911504519271,1.4052986179178393,3674.0953623287473,109.95751868125704,100,90.1073212744105,Success
COCCCCCOC,PE,2.1354351887802,-119.8263911350324,0.8879786878733673,2266.3694407861867,339.2633594952327,100,89.9360685085825,Success
ClC(=O)c1ccc(cc1)C(=O)OCCOCl,PET,3.319194868104131,70.11428612587262,1.410282717135838,3524.4455811497587,179.0525338531833,100,89.317939653597,Success
CCCC(Cl)CC(Cl)OC,PVC,3.501673645413314,84.18210966904789,1.3935638610438257,3725.844182062177,422.1289530594711,300,89.0266382672161,Success
NC(F)(F)C(F)(F)C(=O)O,PTFE,2.182739941796449,110.53522175279694,2.238711096075723,2344.853423165624,145.39282217865988,25,88.9326916723742,Success
CCCC(C)CC(C)OC,PP,2.1435190535851096,-11.719594006006416,0.8769300751601146,2303.0072104316832,380.4710410536666,200,88.9223718828928,Success
CCOc1ccc(cc1)C(C)(C)c2ccc(cc2)OOC,Polycarbonate,2.8585742777608534,147.96231520530506,1.2318758704985169,3065.41153488458,50.19170139212768,300,88.7430362976995,Success
NCC(C)(C(=O)OC)CC(C)(C(=O)OC)Cl,PMMA,2.9106110194991146,104.73656315551445,1.1993506589809066,3126.4599898753886,461.3689993702314,300,88.5745619697392,Success
NCCCCCC,PE,2.235442965698765,-117.08919223882184,0.9386984067074238,2424.299853825725,496.402469002672,25,88.1099669845572,Success
CCCCCCCCC(=O)NCl,Nylon-6,3.4874311076041886,48.3892749002373,1.153348442745492,3754.3013823302704,57.46432082673961,25,88.0420787145952,Success
ClCCCCCOC,PE,2.292633906597193,-123.84284713635142,0.8893398718035302,2491.058839483197,244.0557331686009,300,87.9408096047306,Success
c1ccccc1C(F)(F)C(F)(F)CCC,PTFE,2.0775642601982995,112.9078320925356,2.1984501249758592,2261.449343831092,83.06569049129206,100,87.8494518800618,Success
NOc1ccc(cc1)C(C)(C)c2ccc(cc2)OCl,Polycarbonate,2.853508945933087,146.9901433700706,1.154441296696486,3105.709943999609,55.45300737967862,25,87.5113269651913,Success
ClCC(Cl)CC(Cl)C#N,PVC,3.5172441954489355,84.68171818398423,1.4156605239168618,3852.7597945236657,27.410505747034783,200,86.574894923512,Success
c1ccccc1CC(C)CC(C)C(=O)O,PP,2.231021382380215,-10.166174168613251,0.9181673398036378,2474.0002154122544,227.54909008656983,100,86.2968149271602,Success
FC(F)(F)CC(Cl)CC(Cl)C,PVC,3.504433824386152,77.85993954350741,1.4158355264345182,3902.8524226100826,398.7603795938761,25,85.1938858875048,Success
CC(=O)C(F)(F)C(F)(F)C(=O)O,PTFE,2.040577858230337,110.72965036825444,2.174450260575206,2296.51951526916,222.13662598846204,100,85.1800130645327,Success
c1ccccc1CCCCCCC,PE,2.155071091637597,-115.39068213450744,0.9372419619797407,2432.4677467738893,230.67638914386995,25,84.90266034874881,Success
ClCCCCCC(=O)NC#N,Nylon-6,3.4969312361711418,48.46925798483602,1.1308305053446035,3919.2027801141576,451.0460481641586,100,84.6771023031252,Success
NCC(C)(C(=O)OC)CC(C)(C(=O)OC)Cl,PMMA,2.972422135351345,109.29405113588138,1.1977501054449595,3347.0080361835367,176.71752393348058,200,84.6497383200622,Success
c1ccccc1Oc1ccc(cc1)C(C)(C)c2ccc(cc2)OC,Polycarbonate,2.8701061279476585,145.33753330491552,1.1565177242281846,3250.2036795823788,64.60879468213783,200,84.24948560210251,Success
NCC(C)(C(=O)OC)CC(C)(C(=O)OC)C,PMMA,3.0871414214467428,100.07320407489377,1.2023633418518829,3510.808928258363,406.3821677701751,300,83.79034907028971,Success
FC(F)(F)CC(Cl)CC(Cl)C,PVC,3.460056678869203,82.85669028805398,1.4228486644886296,3962.095768748344,410.792674809083,200,82.9732824520205,Success
ClOc1ccc(cc1)C(C)(C)c2ccc(cc2)OCC,Polycarbonate,2.811743124890647,144.26257922757873,1.169566726406143,3237.249670495433,67.33721034132655,200,82.97215786788121,Success
FC(F)(F)CC(Cl)CC(Cl)C#N,PVC,3.585660188075444,78.64821117707658,1.4149699023571796,4135.150788914048,154.86444037003494,200,82.6129234199387,Success
COOc1ccc(cc1)C(C)(C)c2ccc(cc2)OC(F)(F)F,Polycarbonate,2.9053380355032674,142.52372078934255,1.1513838570553858,3377.4702720903583,368.3835939783586,200,82.1753311112116,Success
CC(=O)CCCCCC(=O)NOC,Nylon-6,3.4741358547590364,50.25495201683461,1.0977665843091156,4038.118674305466,246.73099556838827,200,82.0758710717945,Success
NCCCCCC,PE,2.26969889319109,-117.5361589705085,0.9288811625021316,2664.2010181629903,91.04499628613613,25,81.7941973829896,Success
CCCC(F)(F)C(F)(F)OC,PTFE,2.165973458867664,116.52191810473144,2.1579282498555465,2551.3658187117026,298.2495759741853,200,81.5600707315977,Success
COCC(Cl)CC(Cl)CCC,PVC,3.4544169251986823,77.32770443997104,1.395769407882682,4044.466536132907,256.9914567893834,100,81.5164849901492,Success
ClCCCCCCC,PE,2.268876240963327,-117.02070051525206,0.8757601559351066,2674.1951972837364,155.49182296472233,25,81.478035427818,Success
CC(=O)CC(C)(C(=O)OC)CC(C)(C(=O)OC)C,PMMA,3.006526759212669,102.69305240740178,1.2273990746287269,3528.311610642796,197.3268196161599,100,81.36923848304549,Success
CCC(F)(F)C(F)(F)C#N,PTFE,2.199719271127774,118.23007656220663,2.2435229466433246,2599.393627959289,106.84136604928392,300,81.3008251459509,Success
CCCC(c1ccccc1)CC(c1ccccc1)Cl,Polystyrene,2.461837789681922,98.55759814305264,1.0403153400832927,2918.652460885188,71.58433743454697,100,80.9335412342983,Success
c1ccccc1C(F)(F)C(F)(F)OC,PTFE,2.1857105479825902,118.91796763902376,2.1927862095970245,2597.743990508795,182.53538112751176,200,80.87085739356141,Success
c1ccccc1CC(Cl)CC(Cl)C(F)(F)F,PVC,3.5764332203158764,82.95441390863041,1.3798625105281703,4217.915500005216,447.0242788984209,200,80.85192492106479,Success
CCCCCCCCCC,PE,2.1092791215370323,-120.89964996421652,0.8962418065633166,2509.660514340275,473.9065190161201,300,80.8487262039189,Success
NCC(c1ccccc1)CC(c1ccccc1)C(F)(F)F,Polystyrene,2.5837333259304063,98.20657075278086,1.0905272455770032,3085.5502159106773,113.65042222575306,25,80.300855068072,Success
c1ccccc1CC(Cl)CC(Cl)C,PVC,3.428952522186833,76.70647514298041,1.4164514793217726,4082.866201279456,160.66147161233388,25,80.229551668558,Success
ClCC(Cl)CC(Cl)OC,PVC,3.5198264364109555,82.87992400545069,1.4292223762563732,4206.719126277936,283.82928796184336,25,79.86807725754839,Success
ClCCCCCC(=O)NC(F)(F)F,Nylon-6,3.4989194677989293,45.8139496025347,1.174262820037677,4190.260585522501,473.1024149794614,100,79.72805191321649,Success
c1ccccc1C(F)(F)C(F)(F)CC,PTFE,2.0425978284193387,116.92939048999008,2.153212296439176,2469.2096588703407,460.16901247011225,25,79.6835297422112,Success
NCCCCCCC,PE,2.2737483316926346,-121.58767846473754,0.9498014522414606,2745.967610900471,271.0841118739502,200,79.62076094795941,Success
CCCCCCCCCCC,PE,2.242795539922215,-122.68310942670936,0.9135377373635188,2711.093310100057,254.7143945333933,100,79.579845015899,Success
c1ccccc1Oc1ccc(cc1)C(C)(C)c2ccc(cc2)OCC,Polycarbonate,2.979339769573075,142.64266461108525,1.1702614177182884,3578.9706022801106,263.6232697558345,100,79.5732149316455,Success
CCCCC(c1ccccc1)CC(c1ccccc1)C(F)(F)F,Polystyrene,2.43841729901708,101.8443174677943,1.0170897283532574,2949.699739769749,29.72568130202489,300,79.42294294129631,Success
NCCCCCC(=O)O,PE,2.299971595795825,-119.04808139859128,0.892335625397688,2797.7207807334376,457.23089672808,300,79.08643658519411,Success
CCCCC(C)(C(=O)OC)CC(C)(C(=O)OC)CC,PMMA,2.98049856774906,106.0140158677811,1.152757537127041,3611.558580699679,102.9838397747219,100,78.9566476971186,Success
FC(F)(F)CC(C)CC(C)Cl,PP,2.234121709819432,-5.950325402203134,0.9153739730783068,2749.367826207546,338.5825021216267,300,78.2478687399547,Success
CCCC(C)(C(=O)OC)CC(C)(C(=O)OC)C,PMMA,2.953174150060684,104.48135683125504,1.1796076851819024,3625.161171575294,370.9071188670963,25,77.98153973661441,Success
FC(F)(F)C(=O)c1ccc(cc1)C(=O)OCCOOC,PET,3.3733989391912367,75.14186149862378,1.3350532328658926,4140.493112056588,204.23017317634648,100,77.9711027837962,Success
CCCC(=O)c1ccc(cc1)C(=O)OCCOCC,PET,3.2637908153378183,74.60911084008399,1.3919395620958948,3995.3490530525855,464.71103772852007,300,77.954764412645,Success
NC(=O)c1ccc(cc1)C(=O)OCCOC#N,PET,3.3154756166640973,79.51456963508342,1.4048351908397687,4080.220275181288,336.70245689023704,100,77.81299368066911,Success
CC(=O)CC(C)(C(=O)OC)CC(C)(C(=O)OC)C(=O)O,PMMA,2.964912071055661,101.96526987259864,1.216897674919197,3648.1698595261273,269.46303697463736,300,77.7971981511119,Success
CC(=O)CCCCCC(F)(F)F,PE,2.211729223584675,-116.95987207183715,0.9336265886449294,2752.359042819416,218.9417724734077,300,77.4467164379052,Success
c1ccccc1C(F)(F)C(F)(F)C#N,PTFE,2.1213643738249446,114.69744429276648,2.191497144080921,2648.607210310292,329.7554317452509,300,77.273278567089,Success
CCCC(=O)c1ccc(cc1)C(=O)OCCOOC,PET,3.2305070880993125,74.35312322206326,1.4272757040246584,4025.503703887379,395.8896539689512,200,76.9649358210904,Success
NOc1ccc(cc1)C(C)(C)c2ccc(cc2)OC#N,Polycarbonate,2.9031422407689904,145.2152626694689,1.2140049359197225,3614.959193903363,170.7789044727457,200,76.9643141831508,Success
CCOc1ccc(cc1)C(C)(C)c2ccc(cc2)OC#N,Polycarbonate,2.874076573891569,140.4219073372031,1.184832209221058,3588.01154289084,85.65516633465984,200,76.78118685618459,Success
NCCCCCC(=O)NCl,Nylon-6,3.589017988228868,43.86459747936832,1.151655114025263,4468.745075412794,451.8946983397407,200,76.68827344585661,Success
CCCCCCCl,PE,2.211579666163879,-115.83586393373368,0.9015874582663548,2783.049273977306,234.86335573629304,100,76.66068414778681,Success
CCCC(F)(F)C(F)(F)C(F)(F)F,PTFE,2.0658499861514894,114.77076418369109,2.2064865927248194,2604.862033866094,48.13258429164829,200,76.5807424979185,Success
FC(F)(F)Oc1ccc(cc1)C(C)(C)c2ccc(cc2)OCCC,Polycarbonate,2.8859745892104587,146.47265990100271,1.2108879931860168,3644.5113032295167,306.1698813575205,300,75.9514825485581,Success
CC(=O)c1ccc(cc1)C(=O)OCCOOC,PET,3.329880493287978,74.28929081393,1.3604584481030144,4218.802519979334,148.59968835227548,25,75.6644015340137,Success
COCCCCCCl,PE,2.138371412727198,-121.8189565315057,0.9029450107491316,2730.917775913054,486.50478949518725,200,75.6305195078213,Success
CCCCC(C)(C(=O)OC)CC(C)(C(=O)OC)C(F)(F)F,PMMA,2.985767958204548,107.99444313367212,1.2041025240073635,3785.201664639895,304.18539757605737,300,75.6033303241768,Success
ClC(F)(F)C(F)(F)C(=O)O,PTFE,2.108503372496588,113.05496610214205,2.182203948229858,2703.260597698692,19.04699062293712,200,75.38851641204641,Success
ClOc1ccc(cc1)C(C)(C)c2ccc(cc2)OCCC,Polycarbonate,2.936009254512479,148.4749004445465,1.1986886371512764,3747.799361406205,48.31132337627766,100,75.1460719650061,Success
CC(=O)Oc1ccc(cc1)C(C)(C)c2ccc(cc2)OOC,Polycarbonate,2.9958055554827894,140.15394837316504,1.2050878303003572,3837.543290613192,130.95340051687637,100,74.8428123072037,Success
CCC(=O)c1ccc(cc1)C(=O)OCCOOC,PET,3.358141775900032,70.39483503871942,1.370017920152438,4306.269699872579,419.44903820731975,100,74.7628271482816,Success
c1ccccc1C(F)(F)C(F)(F)C#N,PTFE,2.181048399914561,111.61140863892123,2.2430957710423733,2820.794772107963,425.16855357963385,25,74.7402585633291,Success
COC(=O)c1ccc(cc1)C(=O)OCCOC(F)(F)F,PET,3.2257892382212665,77.56383838592785,1.3501011978961974,4152.001188654623,52.57936383181149,25,74.6119152101451,Success
CCC(C)(C(=O)OC)CC(C)(C(=O)OC)C(F)(F)F,PMMA,3.066774711170124,101.05171601378676,1.2043974504872337,3958.215613839445,30.58188331678064,25,74.2431333064609,Success
c1ccccc1CC(c1ccccc1)CC(c1ccccc1)C,Polystyrene,2.4685986758203686,100.3743590319318,1.0492263284432115,3210.861407477555,492.8719821784745,300,74.13750470020949,Success
c1ccccc1CC(C)CC(C)Cl,PP,2.1682903508300297,-5.406869051471277,0.872549279100984,2829.448904401801,418.01888574195056,100,74.1267740708115,Success
COOc1ccc(cc1)C(C)(C)c2ccc(cc2)OC(F)(F)F,Polycarbonate,2.89367312711453,140.45913091533828,1.1635334443944043,3750.1676166809175,55.32830578651328,300,74.0998577236865,Success
CCC(=O)c1ccc(cc1)C(=O)OCCOC(=O)O,PET,3.372699110876493,75.9212214037284,1.3490841236916709,4375.959947210042,72.66057951359086,300,73.9105466020529,Success
NCC(C)CC(C)CCC,PP,2.130261942331571,-13.881642191596178,0.8666661054902361,2810.244528171761,392.70188547297255,300,73.39868274815521,Success
CC(=O)CCCCCCC,PE,2.1853992799632764,-117.87798255526428,0.8913717450964044,2884.668494939158,367.761937709468,300,73.3303078339569,Success
CCC(F)(F)C(F)(F)C(F)(F)F,PTFE,2.162991112765951,110.50424947164574,2.208553938170311,2859.818522888734,31.27921348692851,200,73.2281105180854,Success
COCCCCCCC,PE,2.165144665661725,-124.63324732887088,0.9687282923478224,2871.267961888741,191.0035404156695,100,73.0224575861394,Success
NOc1ccc(cc1)C(C)(C)c2ccc(cc2)OOC,Polycarbonate,2.842841712965998,144.76982503102536,1.2201902404382985,3745.708108477456,225.2119195843333,100,72.9808054056424,Success
c1ccccc1CCCCCC(=O)O,PE,2.212099482643552,-122.80811812188772,0.905984237021763,2951.302771626945,96.0502281873068,200,72.5804986080836,Success
CC(=O)CC(C)(C(=O)OC)CC(C)(C(=O)OC)C,PMMA,2.9282538235698765,106.86707612693364,1.1893284754344016,3878.058454271354,142.08006107096813,100,72.56317154345601,Success
FC(F)(F)CCCCCC(=O)NOC,Nylon-6,3.4553616687689965,46.71134352192537,1.116970587597326,4581.5035446423135,241.9933499282604,25,72.2819588421884,Success
CC(=O)c1ccc(cc1)C(=O)OCCOC,PET,3.291813063640765,79.44531245618191,1.4225533517220867,4375.859047167865,265.3490004033952,100,72.2755106875599,Success
CCC(C)(C(=O)OC)CC(C)(C(=O)OC)C(F)(F)F,PMMA,2.935310579688006,102.4521383790172,1.1404384065901372,3916.31070774144,498.5392431188095,25,72.0234710394779,Success
CC(=O)c1ccc(cc1)C(=O)OCCOC(=O)O,PET,3.3330734259199084,77.47691379875354,1.3345427281724256,4449.260513421232,467.901240541138,200,71.922450109099,Success
CCCCCCCCCC,PE,2.272979060516018,-119.03407546488648,0.9038177582492422,3060.0175806293505,154.1921051196933,200,71.9199256081416,Success
ClCC(c1ccccc1)CC(c1ccccc1)C(F)(F)F,Polystyrene,2.5032471434417944,102.84990948921944,1.07932716835729,3364.695296196179,249.37807179658725,300,71.8749806868362,Success
CCOc1ccc(cc1)C(C)(C)c2ccc(cc2)OC#N,Polycarbonate,2.9070422358381687,146.74295147212644,1.1693119257248563,3950.702199781753,428.4413904297812,25,70.7929890656973,Success
CC(=O)CC(C)(C(=O)OC)CC(C)(C(=O)OC)Cl,PMMA,3.0316599833847646,106.40385697715044,1.1455906776775722,4147.2666674148495,225.33997358370075,200,70.5525055336786,Success
CCCCCCC(=O)NCC,Nylon-6,3.403960451182124,49.24502920736285,1.1758867173767251,4647.443438037897,32.998682024542234,25,70.31130346097291,Success
FC(F)(F)C(=O)c1ccc(cc1)C(=O)OCCOCC,PET,3.346089415239161,76.58323914580394,1.3472849300409406,4578.394018589374,161.4490755806117,100,70.2161759739512,Success
CC(=O)CCCCCC(=O)O,PE,2.2437558659943275,-121.71433410011352,0.913185099976137,3100.25270811032,369.80675065622063,25,70.2144052863125,Success
CCCOc1ccc(cc1)C(C)(C)c2ccc(cc2)OC,Polycarbonate,2.85702982565306,148.53871998726302,1.2288837179051393,3920.307756576544,209.8253720950942,300,70.1828711583847,Success
CCCC(Cl)CC(Cl)C#N,PVC,3.566630035385668,79.79842419510126,1.3500192460618756,4868.900707326755,260.7216846758629,25,70.1754917487396,Success
CCCCCCCCC(=O)NC(F)(F)F,Nylon-6,3.408214972083805,46.30546237547951,1.1637112574553183,4679.01154782284,191.4003363473064,200,69.9333855462294,Success
CCCC(Cl)CC(Cl)Cl,PVC,3.489396385040408,75.99159417732155,1.4472285630692203,4788.769230139439,139.40386537584692,300,69.8843969217784,Success
CCCCC(Cl)CC(Cl)OC,PVC,3.457340269193439,78.09210381247203,1.37442188508833,4752.270062671708,414.4572765755833,25,69.80406455672491,Success
ClCC(Cl)CC(Cl)C(=O)O,PVC,3.4706814422371868,80.96589279641566,1.372824259321947,4773.561427930287,177.08206726979083,300,69.7527087647353,Success
CCCC(F)(F)C(F)(F)CCC,PTFE,2.023480647242802,113.05449916828738,2.183564167162224,2823.8529490862843,356.89084923218746,200,69.7137163547261,Success
NCC(Cl)CC(Cl)CCC,PVC,3.5576653225000743,83.49537425811691,1.3693179833618987,4894.26602577506,226.62944619140617,25,69.658757980976,Success
COCC(Cl)CC(Cl)CCC,PVC,3.5502904776817616,82.83548201708068,1.3529556633232478,4886.301793064331,349.48292702935527,300,69.6373233335356,Success
CC(=O)Oc1ccc(cc1)C(C)(C)c2ccc(cc2)OCCC,Polycarbonate,2.909890518015981,140.77804052089644,1.24038450129639,4045.594815247946,364.0956062912295,100,69.5808540198044,Success
CCCC(F)(F)C(F)(F)C(F)(F)F,PTFE,2.1278152637544934,115.84783914569358,2.157395152078816,2974.651542674225,306.2339151896687,300,69.51056454896151,Success
CCOc1ccc(cc1)C(C)(C)c2ccc(cc2)OC,Polycarbonate,2.8955573473900342,149.84196334370787,1.1656365551196892,4038.949469549927,54.29380284484188,300,69.3724061078175,Success
FC(F)(F)CCCCCC(=O)NOC,Nylon-6,3.482182116090021,49.30499587694512,1.1076430560381143,4818.374455583123,18.981595977306345,300,69.3341065556001,Success
ClCC(C)(C(=O)OC)CC(C)(C(=O)OC)C(F)(F)F,PMMA,3.055148848525659,102.4617201400609,1.1688305847679596,4259.107236115512,417.3305507500058,100,69.26011667213079,Success
CCC(C)(C(=O)OC)CC(C)(C(=O)OC)C#N,PMMA,2.9639464246744103,100.1625502334196,1.1301958249100006,4171.904091930292,70.42542624018688,200,68.7161506195952,Success
CCCCCCCC(=O)NCl,Nylon-6,3.536708701219064,42.86853671141295,1.1853937105722436,4937.707438512851,233.9856649792844,100,68.6891981239742,Success
CCCCCCCCOC,PE,2.2809773009427543,-121.46675907131358,0.9648723587831758,3225.8079824969964,340.3722869116771,300,68.6548493159186,Success
c1ccccc1Oc1ccc(cc1)C(C)(C)c2ccc(cc2)OCCC,Polycarbonate,2.9694393310966243,146.6654597365551,1.1506380095588926,4186.29557009394,476.578902343424,200,68.6026305004997,Success
ClOc1ccc(cc1)C(C)(C)c2ccc(cc2)OC#N,Polycarbonate,2.990440489167104,149.03597501895342,1.2483258526874046,4215.61568244203,297.2931078357282,300,68.5866883040685,Success
CCCCCCCC,PE,2.255023821122818,-119.10441511493316,0.963280884177274,3198.3937515290154,150.51573263805113,25,68.5019617533789,Success
CC(=O)CC(C)CC(C)C#N,PP,2.179435732963296,-14.447448778104173,0.9210471599239766,3104.2593379475547,35.35754955807764,200,68.2903603233938,Success
FC(F)(F)CC(Cl)CC(Cl)C(=O)O,PVC,3.52123298956713,75.21704906692007,1.404238390523453,4978.949869228208,451.4149851502412,100,67.8627216326564,Success
COc1ccc(cc1)C(C)(C)c2ccc(cc2)OC(=O)O,Polycarbonate,2.847950017454602,144.9761770680009,1.1867314774958275,4069.615673632148,135.7891068306251,25,67.8402285515401,Success
CCCC(c1ccccc1)CC(c1ccccc1)C#N,Polystyrene,2.5082259497018926,99.12398390390965,1.0014716749959025,3594.008655754391,220.3964290188664,25,67.6725929881957,Success
CCC(C)(C(=O)OC)CC(C)(C(=O)OC)CCC,PMMA,3.0527927055789617,109.64283727276162,1.222522653777288,4363.323909756315,132.4513307110831,100,67.625120037014,Success
CC(=O)CC(C)CC(C)C(=O)O,PP,2.215230478330948,-10.915520635797202,0.9319899659740158,3193.5618635739897,28.800162300014605,200,67.493753990012,Success
ClCC(c1ccccc1)CC(c1ccccc1)C,Polystyrene,2.4744385274828606,104.53416789849048,1.0759973277954753,3568.5694291186755,216.97421344289248,300,67.24481738459731,Success
CCCC(=O)c1ccc(cc1)C(=O)OCCOC#N,PET,3.290299047454173,71.24366568784032,1.3440545170725409,4713.944797326244,78.50437504979125,300,67.21498984987879,Success
ClOc1ccc(cc1)C(C)(C)c2ccc(cc2)OOC,Polycarbonate,2.998234059003471,146.1713083748018,1.1885884149248176,4316.361948641178,76.52386329799674,25,67.2148000048856,Success
NC(=O)c1ccc(cc1)C(=O)OCCOCl,PET,3.3652198949694974,74.28501323653434,1.4239070755570162,4818.343922172265,239.552670225856,300,67.1874650054584,Success
ClC(F)(F)C(F)(F)C,PTFE,2.018779613548636,111.7794290194056,2.2028830545384066,2932.00042592456,69.47385102330564,300,67.17354625568649,Success
NOc1ccc(cc1)C(C)(C)c2ccc(cc2)OOC,Polycarbonate,2.9452044558081463,143.618085486895,1.179629957367713,4249.816993306607,120.94051319845929,25,67.1152824008776,Success
FC(F)(F)CC(C)(C(=O)OC)CC(C)(C(=O)OC)Cl,PMMA,3.0235141826159406,107.55680853084776,1.1383730074322684,4390.24473987973,473.33672413450125,300,66.6395566514401,Success
CCC(=O)c1ccc(cc1)C(=O)OCCOC(F)(F)F,PET,3.2350460274726185,71.06495801413428,1.4071904334135168,4684.523901888139,222.00239992319644,300,66.578401654286,Success
NCC(C)(C(=O)OC)CC(C)(C(=O)OC)C#N,PMMA,2.9417410713002625,103.15849490150786,1.184384432398347,4281.761688736433,329.8666258883061,200,66.5672185914904,Success
COCCCCCC#N,PE,2.21478165447382,-121.31553772747615,0.8819343021834944,3242.2026194801647,171.5760189019104,300,66.52033815462799,Success
COC(=O)c1ccc(cc1)C(=O)OCCOC#N,PET,3.3006155589749566,71.54487302866413,1.4142840776774157,4790.8156483303765,374.8462857654513,100,66.3642160430589,Success
FC(F)(F)C(=O)c1ccc(cc1)C(=O)OCCOC(F)(F)F,PET,3.314031114219562,78.19845514745481,1.3752740169294455,4809.843784563918,295.339136975766,200,66.3573929843563,Success
CC(=O)C(=O)c1ccc(cc1)C(=O)OCCOOC,PET,3.221453345338829,77.02324714129234,1.409020583166303,4693.050651005114,157.60279366110055,200,66.20763875274861,Success
COCC(C)CC(C)Cl,PP,2.1368786333848493,-14.169008706446958,0.9169799587875892,3151.343342551434,23.260258403557746,200,66.16533950472281,Success
c1ccccc1CC(c1ccccc1)CC(c1ccccc1)OC,Polystyrene,2.457529027752216,95.3732454699404,1.040556010875924,3619.861507886952,112.05121513185816,300,65.9483148783822,Success
CCCCC(C)CC(C)C(=O)O,PP,2.2932347391538093,-11.14991269181543,0.9192282422113468,3405.1616043893937,206.74632806950603,25,65.599705306396,Success
NCC(c1ccccc1)CC(c1ccccc1)CCC,Polystyrene,2.4637969331025515,101.60346301763816,1.046399565703594,3652.661791596348,422.0180330127874,25,65.53999471076129,Success
CC(F)(F)C(F)(F)C(=O)O,PTFE,2.05773270006065,118.39935912447314,2.178035036180128,3072.6659004612625,92.18974226833792,100,65.4291337478826,Success
FC(F)(F)CC(C)(C(=O)OC)CC(C)(C(=O)OC)Cl,PMMA,3.0127197708031748,106.34395724605449,1.2174056727464848,4465.649302918938,296.4947023161971,300,65.3128436812118,Success
CC(F)(F)C(F)(F)CCC,PTFE,2.020530514570736,119.99777620085568,2.1533317204380102,3034.561393799332,293.10934921636306,200,65.1030007358113,Success
NCC(C)(C(=O)OC)CC(C)(C(=O)OC)C(=O)O,PMMA,2.922753641190678,103.0371661651708,1.174275572485599,4396.4121225985255,467.5304659576879,25,64.520538010666,Success
c1ccccc1CC(c1ccccc1)CC(c1ccccc1)Cl,Polystyrene,2.4733827438718605,100.05782610482068,1.0689725752858974,3770.552954981408,28.340392308200173,300,63.8340800533491,Success
CC(=O)CC(c1ccccc1)CC(c1ccccc1)CC,Polystyrene,2.4900289676376257,101.27249778154732,1.0249704112021518,3803.152940862578,437.38172817541925,100,63.7023883772186,Success
CCCC(C)(C(=O)OC)CC(C)(C(=O)OC)C(=O)O,PMMA,3.0441346807660974,109.9636184303258,1.2127171605017513,4668.317579009664,420.0588687499942,100,63.1803179721834,Success
CC(=O)Oc1ccc(cc1)C(C)(C)c2ccc(cc2)OC,Polycarbonate,2.818432669244625,147.38142938954908,1.194129733080719,4379.911834174487,400.2968702076608,200,62.644526576348,Success
ClCCCCCC#N,PE,2.261182161956282,-118.44135512334934,0.926227121091989,3528.6607674974643,134.0207244358586,200,62.6302510175385,Success
COCC(C)(C(=O)OC)CC(C)(C(=O)OC)OC,PMMA,2.9742986342004984,100.01191061256496,1.1876303046922043,4621.344526218516,84.13670983837368,200,62.462846294688006,Success
COC(F)(F)C(F)(F)OC,PTFE,2.151110038408384,111.45476890217272,2.2158540951519567,3416.6529952530304,249.9804306185553,300,61.70251078929071,Success
FC(F)(F)Oc1ccc(cc1)C(C)(C)c2ccc(cc2)OCC,Polycarbonate,2.825456205482435,143.94762483096565,1.156017921352756,4464.807641603566,240.1718260459324,200,61.6114666442144,Success
FC(F)(F)CC(C)CC(C)C#N,PP,2.268435182656833,-11.782905307950369,0.9227491162092828,3636.650650026654,333.4782971691881,25,61.047868704445,Success
c1ccccc1Oc1ccc(cc1)C(C)(C)c2ccc(cc2)OC#N,Polycarbonate,2.8128347686115576,141.9584491134792,1.1621697889391238,4509.75249857523,269.8504054637909,300,60.777633192438095,Success
CCCC(c1ccccc1)CC(c1ccccc1)CCC,Polystyrene,2.517987809501342,102.1362496570164,1.0327516193767776,4068.716285092672,255.66365588656024,25,60.6705005598765,Success
NC(F)(F)C(F)(F)CCC,PTFE,2.1339519184567983,118.00608869761204,2.204592170166213,3453.76153082952,292.1190791254248,200,60.634629983199005,Success
COOc1ccc(cc1)C(C)(C)c2ccc(cc2)OCCC,Polycarbonate,2.9136152806130973,140.66672400295306,1.2020378354911845,4685.3439592555815,279.2680400544273,200,60.4953147756837,Success
CC(=O)C(F)(F)C(F)(F)OC,PTFE,2.134187615077177,117.29468520863482,2.1967753524833853,3478.7010359123456,435.3574631464619,25,60.2327551554606,Success
CCCCCCCCCl,PE,2.210113215282946,-123.16313798259056,0.958270216878031,3618.8495023887967,102.72867870161602,300,59.9006700924773,Success
FC(F)(F)CC(C)(C(=O)OC)CC(C)(C(=O)OC)CCC,PMMA,2.937211825682366,104.28152502252937,1.2185458720322369,4770.966496296649,166.39606320000274,300,59.8863537606868,Success
COCC(c1ccccc1)CC(c1ccccc1)C,Polystyrene,2.556685024322562,97.95380515360908,1.094884286722316,4202.616110941515,277.59942916379777,200,59.651455757678704,Success
NCC(c1ccccc1)CC(c1ccccc1)CCC,Polystyrene,2.540402702999347,99.12869191667666,1.0076974849040292,4178.219339655266,49.63926971762272,300,59.6378250289321,Success
ClCC(c1ccccc1)CC(c1ccccc1)CCC,Polystyrene,2.4734340746772774,98.6173908749966,1.0244920991884452,4075.794951281621,360.42922818958726,100,59.6061571341322,Success
COc1ccc(cc1)C(C)(C)c2ccc(cc2)OC#N,Polycarbonate,2.824066444801704,143.57710845452462,1.2360833999431473,4625.370645324354,183.53118301073343,100,59.53467041552869,Success
c1ccccc1CC(C)CC(C)C(=O)O,PP,2.2559474542454847,-6.313414884111456,0.9207695085374352,3715.724082136057,239.90063056325027,300,59.53396370970061,Success
CCCOc1ccc(cc1)C(C)(C)c2ccc(cc2)OC#N,Polycarbonate,2.8204870918893894,142.04634266996703,1.2339801785642313,4645.545247713076,442.8420223103592,300,59.2157257581375,Success
CCCCC(C)CC(C)C(F)(F)F,PP,2.1567055056837057,-9.34889386564618,0.9031150494726364,3586.469680590338,350.42656075766223,200,59.06969101231999,Success
ClCC(C)(C(=O)OC)CC(C)(C(=O)OC)C(F)(F)F,PMMA,2.938255428121654,100.9944758840388,1.1568496038045015,4843.767539162881,412.9207109901225,100,59.039237853322405,Success
CCCCCCCCl,PE,2.2561501833220867,-121.31810984270216,0.9111748909073782,3759.86782497524,85.15634644686524,200,58.8806630672842,Success
FC(F)(F)CC(C)CC(C)C(F)(F)F,PP,2.1427464055527468,-5.0454730877066805,0.8566979295954175,3588.008919878746,373.6782613269007,200,58.7007404008156,Success
ClCC(C)CC(C)C#N,PP,2.273815387815287,-8.43601372529477,0.8525196657596056,3800.311904086804,318.68081146848573,100,58.7007081315045,Success
CCCCCCOC,PE,2.256003111104904,-116.93998150807084,0.9337299026226792,3772.801347852343,491.1560019286325,200,58.6870760896348,Success
CCCCCCC#N,PE,2.28663424431879,-124.52883980333716,0.9200339660956616,3836.169504842954,318.12865890540843,25,58.474213544327895,Success
CC(=O)CCCCCC,PE,2.136972585091728,-121.39528886414668,0.9270421767210982,3597.8197792790443,246.5771304643509,200,58.4517408178497,Success
c1ccccc1C(F)(F)C(F)(F)Cl,PTFE,2.1991400550385314,119.71404909143943,2.2309072969511057,3699.193064855756,430.3762572713954,25,58.42074797233231,Success
c1ccccc1CC(c1ccccc1)CC(c1ccccc1)C(F)(F)F,Polystyrene,2.4787779226945323,104.00758691448188,1.012662828250087,4183.9622142462,61.70209530310248,100,58.259213821023394,Success
CC(=O)CCCCCCCC,PE,2.2829024562321085,-122.96456630347626,0.946615665028168,3859.908322024551,212.6735582791365,100,58.0694330881899,Success
FC(F)(F)CC(C)(C(=O)OC)CC(C)(C(=O)OC)CC,PMMA,2.9417502132648927,104.40611496101992,1.2236354781671983,4944.7100004962485,212.81185462930893,25,57.9435095976374,Success
CC(=O)CCCCCC#N,PE,2.199928378822742,-122.06898527246383,0.8990900060633383,3741.524363155191,17.23422378664604,25,57.81887723068071,Success
ClOc1ccc(cc1)C(C)(C)c2ccc(cc2)OCl,Polycarbonate,2.9467992910790706,141.3633950434943,1.1690421240974185,4979.5440339895695,226.7776799364624,200,57.6428716427429,Success
CCCCCCCCC,PE,2.2689684416266407,-116.5094406108106,0.9682015931411244,3876.044845484815,390.43446754409086,100,57.5151251295113,Success
CCCC(C)CC(C)C(=O)O,PP,2.2837991384677587,-13.689365999163378,0.9273079930439176,3907.3540435461496,184.7697998675516,25,57.3910253752671,Success
CC(=O)C(F)(F)C(F)(F)CC,PTFE,2.019545964766203,112.0981231416741,2.201642401227337,3484.594654836985,26.99752921141265,100,57.2184944418869,Success
c1ccccc1C(F)(F)C(F)(F)C(F)(F)F,PTFE,2.101185642489446,116.02175471424576,2.177080002087973,3625.7026147589568,55.25642323117192,25,57.1285160079316,Success
c1ccccc1Oc1ccc(cc1)C(C)(C)c2ccc(cc2)OC(=O)O,Polycarbonate,2.8477288347775733,144.45451465890693,1.1839558207774876,4888.004122026116,404.199609815563,25,56.887569289018096,Success
c1ccccc1CC(c1ccccc1)CC(c1ccccc1)OC,Polystyrene,2.4581568226353805,103.0331957337476,1.020301632802313,4269.170797539305,327.78481431842675,100,56.7257764081033,Success
CCCC(c1ccccc1)CC(c1ccccc1)OC,Polystyrene,2.5295408805446886,95.1684394333696,1.0693759101210378,4393.219526547429,462.7267268323098,200,56.6371195592149,Success
CC(=O)CC(C)CC(C)C#N,PP,2.1446155489885594,-10.164524492203949,0.90196745042018,3752.06649074705,455.02297229442746,200,56.357956272202806,Success
c1ccccc1CC(C)CC(C)C(F)(F)F,PP,2.29996323346929,-5.28960469933152,0.878082180431086,4038.365827900855,56.163390262535096,200,56.3234328537667,Success
COCCCCCC(F)(F)F,PE,2.290075727213157,-115.26128277403993,0.8702468368584987,3998.5593450834567,109.31985805929646,200,56.2987688320464,Success
FC(F)(F)CC(c1ccccc1)CC(c1ccccc1)C,Polystyrene,2.495492357345009,95.07389319714824,1.0954004951202156,4377.661106630997,336.5490967024932,100,56.1406352251,Success
ClCC(C)CC(C)OC,PP,2.2280161196702264,-9.630309934433352,0.9318257453765172,3925.708305930512,83.69968194029728,200,55.8779205867688,Success
COCCCCCC(=O)O,PE,2.150173554742567,-115.49553688069618,0.8711024318653311,3811.953599115599,139.611399896464,100,55.6540296340404,Success
c1ccccc1CCCCCC(F)(F)F,PE,2.1257759950681425,-124.7073231500849,0.8840671878213234,3778.410280521936,407.2361065281708,200,55.547057110389005,Success
ClCC(c1ccccc1)CC(c1ccccc1)C#N,Polystyrene,2.4805310289980635,96.41577606429216,1.0535075251959984,4422.37487494874,326.90009085825363,25,55.275042883328,Success
c1ccccc1C(F)(F)C(F)(F)CCC,PTFE,2.1639798530994883,117.3261692160574,2.2379819403720127,3907.458219619225,389.9145273087318,200,54.6701048194245,Success
COC(F)(F)C(F)(F)OC,PTFE,2.124966835563848,112.77728101980942,2.1529361429765173,3914.2452341615735,189.0772056915544,200,53.6948965686974,Success
CCCC(C)CC(C)CC,PP,2.179295197488962,-11.44560086924482,0.8529962043056545,4045.2597315177154,417.3362169258388,300,53.591533169693,Success
CCCCCCC(F)(F)F,PE,2.2534255541964776,-122.64025011341396,0.937760925160712,4182.518594876786,242.14105998914675,25,53.503703734896206,Success
NCC(c1ccccc1)CC(c1ccccc1)C(=O)O,Polystyrene,2.586964927528784,99.30827463891048,1.0841661436294323,4789.724536616246,480.8430995563304,300,53.1865251652849,Success
FC(F)(F)C(F)(F)C(F)(F)C(F)(F)F,PTFE,2.165068245724338,119.93443761391389,2.21954454403404,4074.402027993299,175.23418063810482,25,52.9242826588902,Success
CC(=O)CC(C)CC(C)C(=O)O,PP,2.261264266243455,-11.817559415944164,0.8723355892356612,4250.350733762856,19.220536610703725,100,52.8596431547345,Success
ClC(F)(F)C(F)(F)CC,PTFE,2.1396282701135325,110.63938991424556,2.1597148537658395,4035.852838885856,405.1004867233651,100,52.8427663892692,Success
c1ccccc1CC(C)CC(C)Cl,PP,2.234730879348715,-9.672470209904258,0.8818552903672685,4212.858272023238,252.7536584375177,100,52.7463315585037,Success
COCCCCCOC,PE,2.2794963054766963,-115.58954444593276,0.959301433647569,4301.802652183078,447.4811812063279,300,52.6358122105164,Success
FC(F)(F)CCCCCOC,PE,2.2720972964551787,-124.79532862148086,0.9429339378068924,4306.503538658066,71.9434473544024,200,52.4329168760615,Success
CCC(F)(F)C(F)(F)CC,PTFE,2.018237994402821,114.16691018135172,2.174968756879448,3842.9936233590174,94.23743784471824,300,52.200325617436505,Success
CC(=O)CCCCCC#N,PE,2.114146922941213,-123.18171117849096,0.8719588010125694,4054.760800328316,430.4650199522554,25,52.0540693161161,Success
c1ccccc1CC(C)CC(C)CC,PP,2.1147712441255697,-9.963599531926434,0.9175186289425508,4104.449914980771,297.7386614414431,300,51.4748592685061,Success
c1ccccc1C(F)(F)C(F)(F)C,PTFE,2.11037621735685,119.82919066137912,2.1502101522707413,4120.295544364812,477.2076174303004,200,51.1938669399932,Success
CC(=O)C(F)(F)C(F)(F)C(=O)O,PTFE,2.049786497933527,110.51436347336669,2.17317383161808,4042.152992388231,428.4063358001979,25,50.7971996350115,Success
ClCCCCCCl,PE,2.2641431619756887,-124.6037434105968,0.9064883061356174,4460.599699608602,137.15739197621863,200,50.524822340694605,Success
COCCCCCCC,PE,2.184711430931729,-117.4728238878969,0.8927079697494815,4346.720222250967,141.22167796993187,25,50.1897286919614,Success
NCCCCCC#N,PE,2.140137803821041,-122.94423054596189,0.91920375355515,4273.494745555497,410.5895642021636,100,50.082281107572,Success
CCCCCCCCCC,PE,2.1368935364633725,-122.62378226955607,0.9507385156315982,4326.303921015831,96.83481872456052,200,49.4349682356657,Success
COCC(c1ccccc1)CC(c1ccccc1)CC,Polystyrene,2.454415613718715,103.59299764194446,1.0802706864611564,4944.109864405665,494.7319957570824,100,49.2207534917092,Success
COCC(C)CC(C)C,PP,2.243159386072541,-14.021964428190357,0.909619293807118,4548.717404706166,237.45202150723503,100,49.18671666278061,Success
CCCCCCCl,PE,2.1466212080312386,-118.74399842547616,0.8751246562123542,4370.852935912235,448.5406545265422,300,49.1596153553133,Success
CC(F)(F)C(F)(F)Cl,PTFE,2.168277300412362,113.15199366677624,2.151989783585702,4450.144330680767,115.20089333597716,100,48.73345662293951,Success
COC(F)(F)C(F)(F)Cl,PTFE,2.0845162491977347,113.69321388598782,2.1852884657643568,4300.216546510011,166.77006250464004,300,48.643110463549,Success
CCC(C)CC(C)C(F)(F)F,PP,2.15023206373849,-14.57549343786673,0.9121323780789526,4454.3583552305545,207.4639475757814,25,48.3277381808182,Success
NC(F)(F)C(F)(F)OC,PTFE,2.174177359623728,110.86943008888566,2.191503292100636,4514.2680323456,382.67027284597816,300,48.1900844709811,Success
FC(F)(F)CC(C)CC(C)OC,PP,2.2602030456571485,-11.307428564460892,0.8513266973838656,4707.465576193622,494.42714998731554,300,47.9320169319543,Success
COCCCCCC#N,PE,2.166732079014631,-121.17665002960676,0.8781389477788193,4574.8941860706655,34.874429573640974,100,47.44288308522081,Success
COCCCCCC#N,PE,2.14265086106572,-115.54183238450494,0.912169039717914,4543.458951364737,290.14304297732025,200,47.2821086611736,Success
NCCCCCC#N,PE,2.1237813930596894,-121.71847474834824,0.8876181507959996,4514.507269860338,99.40051154358665,200,47.1992541117705,Success
CC(=O)CC(C)CC(C)CCC,PP,2.2576825243179472,-9.034322638123292,0.9378253363591992,4781.459762317048,20.89352016576537,200,47.1792059128334,Success
COCC(C)CC(C)CC,PP,2.245727741016209,-11.516147735611412,0.8872696379578974,4796.857986016122,22.907497680826545,25,46.8120684625295,Success
CC(=O)CCCCCCl,PE,2.299499609309997,-120.83188227192552,0.9540646700178812,4913.661457545188,75.6320158752391,25,46.7208971570036,Success
FC(F)(F)C(F)(F)C(F)(F)C#N,PTFE,2.134470085514223,112.58234433524336,2.188031532770008,4613.952551838606,251.44343133397248,300,46.4397723375258,Success
CCCCCCCOC,PE,2.14349061487587,-117.18380508809904,0.9254516285249924,4641.707183776409,123.12202152224803,300,46.3484890225773,Success
CC(F)(F)C(F)(F)CCC,PTFE,2.150171731630352,115.30991566038816,2.1695464810000167,4679.361119457572,221.74253264106528,25,46.1211123711115,Success
FC(F)(F)CCCCCCl,PE,2.168005162154772,-119.01166389266136,0.8738680303783661,4732.866671136754,309.2957733833093,300,45.9597214470425,Success
CCCCC(C)CC(C)CCC,PP,2.107700349306356,-10.15068412981356,0.8794238113589188,4614.795035031312,144.9635621493242,300,45.9184145798834,Success
CC(=O)C(F)(F)C(F)(F)C(F)(F)F,PTFE,2.033796520382522,113.42827691635804,2.228335929147673,4508.7156400167305,21.62248838410345,25,45.4922533840161,Success
COCC(C)CC(C)CC,PP,2.209685916414405,-10.478639258302,0.8732670369659735,4964.544255314104,369.1862644066168,25,44.6643182960839,Success
FC(F)(F)CC(C)CC(C)CC,PP,2.1553916819478074,-12.29523041315452,0.8633215059785231,4864.650869473904,72.1690638513783,200,44.5488176729756,Success
FC(F)(F)C(F)(F)C(F)(F)OC,PTFE,2.0224111731705428,118.45077033345564,2.1532471936001505,4636.49571367396,438.5679446557126,25,44.086019272151496,Success
NC(F)(F)C(F)(F)Cl,PTFE,2.1359582288934784,110.24659429448474,2.222018197107979,4878.817308195661,327.10963573659456,100,44.070969949753305,Success
CC(=O)C(F)(F)C(F)(F)CCC,PTFE,2.014101854359117,111.84857689655732,2.2090391515054617,4626.715813995719,43.8186067924726,100,44.01512000322021,Success
CCCCCCCC,PE,2.137796001262066,-120.2658896163335,0.9336453199241652,4932.353740649566,484.8008445912303,200,43.6513491192028,Success
ClC(F)(F)C(F)(F)C,PTFE,2.028203354690808,114.24066318471864,2.1954783189275235,4699.266692395029,423.5017978407974,100,43.6379184329087,Success
COC(F)(F)C(F)(F)C#N,PTFE,2.111133256195369,113.04475154992082,2.2014707860453813,4978.558447376522,424.3907539503314,300,42.789760329153005,Success
